,2016-6-8,2016-10-20,2017-5-11,2017-9-5,2018-9-13,2019-4-13,2019-10-15,2020-3-19,2021-3-14
avg,45.07533454,45.16170941,45.24571266,45.33111219,45.3400572,45.02516524,44.86469107,44.9584676,44.98319957
10,50.005,50.1925,50.29847826,50.29847826,53.56933333,53.6438125,53.546,53.69705882,53.69705882
20,50.92,51.60166667,52.84195652,52.84195652,52.106,53.00028571,50.43375,53.04,53.04
30,48.681,51.46833333,53.612,53.612,47.58652632,49.67255462,50,49.78347826,49.78347826
40,45.876,51.335,51.595,51.595,46.29178947,46.34482353,45.99666667,46.52695652,46.52695652
50,45.32071429,48.63045455,48.70928571,48.70928571,45.25253465,45.56405278,45.81333333,45.45217949,45.45217949
60,45.32785714,45.92590909,45.82357143,45.82357143,45.23520792,45.46032211,45.63,45.3124359,45.3124359
70,45.335,45.45018519,45.495625,45.495625,45.21788119,45.35659145,45.44666667,45.17269231,45.17269231
80,45.34214286,45.53166667,45.57978261,45.57978261,45.20055446,45.25286078,45.26333333,45.03294872,45.03294872
90,45.83021739,45.69236842,45.9623913,45.9623913,45.18322772,45.14913012,45.08,44.89320513,44.89320513
100,46.63891304,46.56605263,46.345,46.345,45.16590099,45.04539945,44.89666667,44.75346154,44.75346154
110,47.12863636,47.25166667,47.21772727,47.21772727,45.14857426,44.94166879,44.71333333,44.61371795,44.61371795
120,46.87409091,47.185,47.225,47.225,45.13124752,44.83793813,44.53,44.47397436,44.47397436
130,46.61954545,47.11833333,47.13611111,47.13611111,45.11392079,44.73420746,44.51666667,44.47451613,44.47451613
140,46.365,46.42785714,46.58833333,46.58833333,45.09659406,44.6304768,44.50333333,44.49064516,44.49064516
150,44.265,44.75863636,44.205,44.205,45.07926733,44.52674613,44.49,44.50677419,44.50677419
160,44.249,44.60590909,44.239,44.239,45.06194059,44.52774757,44.47666667,44.53796117,44.53796117
170,44.233,44.45318182,44.273,44.273,45.04461386,44.55493204,44.46333333,44.57291262,44.57291262
180,44.217,44.30045455,44.307,44.307,45.02728713,44.5821165,44.45,44.60786408,44.60786408
190,44.201,44.14772727,44.341,44.341,45.0099604,44.60930097,44.4675,44.64281553,44.64281553
200,44.185,43.995,44.375,44.375,44.99263366,44.63648544,44.485,44.67776699,44.67776699
210,44.175,44.047,44.391,44.391,44.97530693,44.6636699,44.5025,44.71271845,44.71271845
220,44.165,44.099,44.407,44.407,44.9579802,44.69085437,44.52,44.7476699,44.7476699
230,44.155,44.151,44.423,44.423,44.94065347,44.71803883,44.5375,44.78262136,44.78262136
240,44.145,44.203,44.439,44.439,44.92332673,44.7452233,44.555,44.81757282,44.81757282
250,44.135,44.255,44.455,44.455,44.906,44.77240777,44.5725,44.85252427,44.85252427
260,44.8762766,44.307,44.471,44.471,44.88,44.78033962,44.59,44.85981481,44.85981481
270,44.92095745,44.359,44.487,44.487,44.854,44.76901887,44.60111111,44.83944444,44.83944444
280,44.9656383,44.411,44.503,44.503,44.828,44.75769811,44.61222222,44.81907407,44.81907407
290,45.01031915,44.463,44.519,44.519,44.802,44.74637736,44.62333333,44.7987037,44.7987037
300,45.055,44.515,44.535,44.535,44.776,44.7350566,44.63444444,44.77833333,44.77833333
310,45.07,44.589,44.586,44.586,44.75,44.73137313,44.64555556,44.76305785,44.76305785
320,45.085,44.663,44.637,44.637,44.724,44.75823881,44.65666667,44.79363636,44.79363636
330,45.1,44.737,44.688,44.688,44.698,44.78510448,44.66777778,44.82421488,44.82421488
340,45.115,44.811,44.739,44.739,44.672,44.81197015,44.67888889,44.85479339,44.85479339
350,45.13,44.885,44.79,44.79,44.646,44.83883582,44.69894737,44.8853719,44.8853719
360,45.145,44.959,44.841,44.841,44.715,44.86570149,44.72,44.91595041,44.91595041
370,45.16,45.033,44.892,44.892,44.784,44.89256716,44.74105263,44.94652893,44.94652893
380,45.175,45.107,44.943,44.943,44.853,44.92742857,44.76210526,44.97710744,44.97710744
390,45.19,45.181,44.994,44.994,44.922,44.97028571,44.78315789,45.00768595,45.00768595
400,45.205,45.255,45.045,45.045,44.991,45.01314286,44.80421053,45.03826446,45.03826446
410,45.205,45.255,45.16880952,45.16880952,45.06,45.056,44.82526316,45.06884298,45.06884298
420,45.205,45.255,45.29261905,45.29261905,45.129,45.09885714,44.84631579,45.09942149,45.09942149
430,45.205,45.255,45.32322785,45.32322785,45.198,45.14171429,44.86736842,45.13,45.13
440,45.205,45.255,45.34348101,45.34348101,45.267,45.18457143,44.06727273,45.18714286,45.18714286
450,45.205,45.255,45.36373418,45.36373418,45.336,45.22742857,44.05818182,45.24428571,45.24428571
460,45.205,45.255,45.38398734,45.38398734,45.35385714,45.276,44.04909091,43.462,43.462
470,45.205,45.255,45.40424051,45.40424051,45.37171429,45.326,44.04,43.592,43.592
480,45.205,45.255,45.42449367,45.42449367,45.38957143,45.376,44.03090909,43.722,43.722
490,45.205,45.255,45.44474684,45.44474684,45.40742857,43.926,45.37470588,43.852,43.852
500,45.205,45.255,45.465,45.465,45.42528571,44.02922581,45.41,43.982,43.982
510,45.212,45.258,45.464,45.464,45.44314286,44.13245161,45.41625,44.112,44.112
520,45.219,45.261,45.463,45.463,45.461,44.23567742,45.4225,44.242,44.242
530,45.226,45.264,45.462,45.462,45.47885714,44.2535,45.42875,44.32170213,44.32170213
540,45.233,45.267,45.461,45.461,45.49671429,44.26183333,45.435,44.32595745,44.32595745
550,45.24,45.27,45.46,45.46,45.51457143,44.27016667,45.44125,44.33021277,44.33021277
560,45.247,45.273,45.459,45.459,45.53242857,44.2785,45.4475,44.33446809,44.33446809
570,45.254,45.276,45.458,45.458,45.55028571,44.28683333,45.45375,44.3387234,44.3387234
580,45.261,45.279,45.457,45.457,45.56814286,44.29516667,45.46,44.34327103,44.34327103
590,45.268,45.282,45.456,45.456,45.586,44.28673529,44.15481481,44.34794393,44.34794393
600,45.275,45.285,45.455,45.455,45.57454167,44.27644118,44.14740741,44.35261682,44.35261682
610,45.268,45.284,45.455,45.455,45.56308333,44.26614706,44.14,44.35728972,44.35728972
620,45.261,45.283,45.455,45.455,45.551625,44.25585294,44.157,44.36196262,44.36196262
630,45.254,45.282,45.455,45.455,45.54016667,44.24555882,44.174,44.36663551,44.36663551
640,45.247,45.281,45.455,45.455,45.52870833,44.23526471,44.191,44.37130841,44.37130841
650,45.24,45.28,45.455,45.455,45.51725,44.23026667,44.208,44.37598131,44.37598131
660,45.233,45.279,45.455,45.455,45.50579167,44.27293333,44.225,44.38065421,44.38065421
670,45.226,45.278,45.455,45.455,45.49433333,44.3156,44.242,44.3853271,44.3853271
680,45.219,45.277,45.455,45.455,45.482875,44.35826667,44.259,44.39,44.39
690,45.212,45.276,45.455,45.455,45.48205405,44.40093333,44.276,44.405,44.405
700,45.205,45.275,45.455,45.455,45.49718919,44.4436,44.293,44.42,44.42
710,45.28625,45.292,45.469,45.469,45.51232432,44.48626667,44.31,44.435,44.435
720,45.3675,45.309,45.483,45.483,45.52745946,44.52893333,44.303,44.45,44.45
730,45.44875,45.326,45.497,45.497,45.54259459,44.53078873,44.296,44.465,44.465
740,45.46595238,45.343,45.511,45.511,45.55772973,44.50543662,44.289,44.48,44.48
750,45.46714286,45.36,45.525,45.525,45.57286486,44.48008451,44.282,44.495,44.495
760,45.46833333,45.377,45.539,45.539,45.588,44.45473239,44.275,44.51,44.51
770,45.46952381,45.394,45.553,45.553,45.60313514,44.42938028,44.268,44.525,44.525
780,45.47071429,45.411,45.567,45.567,45.61827027,44.40402817,44.261,44.54,44.54
790,45.47190476,45.428,45.581,45.581,45.63340541,44.37867606,44.254,44.555,44.555
800,45.47309524,45.445,45.595,45.595,45.64854054,44.36919149,44.247,44.57,44.57
810,45.47428571,45.461,45.605,45.605,45.66367568,44.37557447,44.24,44.585,44.585
820,45.47547619,45.477,45.615,45.615,45.67881081,44.38195745,44.243,44.6,44.6
830,45.47666667,45.493,45.625,45.625,45.69394595,44.38834043,44.246,44.615,44.615
840,45.47785714,45.509,45.635,45.635,45.70908108,44.3947234,44.249,44.63,44.63
850,45.47904762,45.525,45.645,45.645,45.72421622,44.41922581,44.252,44.31698413,44.31698413
860,45.4802381,45.541,45.655,45.655,45.73935135,44.44825806,44.255,44.37571429,44.37571429
870,45.48142857,45.557,45.665,45.665,45.75448649,44.47729032,44.258,44.43444444,44.43444444
880,45.48261905,45.573,45.675,45.675,45.74736,44.50632258,44.261,44.4931746,44.4931746
890,45.48380952,45.589,45.685,45.685,45.73776,44.53535484,44.264,44.55190476,44.55190476
900,45.485,45.605,45.695,45.695,45.72816,44.5643871,44.267,44.61063492,44.61063492
910,45.497,45.603,45.685,45.685,45.71856,44.54309677,44.27,44.61258065,44.61258065
920,45.509,45.601,45.675,45.675,45.70896,44.48825806,44.26777778,44.55774194,44.55774194
930,45.521,45.599,45.665,45.665,45.69936,44.43341935,44.26555556,44.50290323,44.50290323
940,45.533,45.597,45.655,45.655,45.68976,44.37858065,44.26333333,44.44806452,44.44806452
950,45.545,45.595,45.645,45.645,45.68016,44.32374194,44.26111111,44.39322581,44.39322581
960,45.557,45.50125,45.557,45.557,45.67056,44.26890323,44.25888889,44.3383871,44.3383871
970,45.569,45.705,45.469,45.469,45.66096,44.84171429,44.25666667,44.81,44.81
980,45.581,45.28064706,45.381,45.381,45.65136,46.356,44.25444444,46.335,46.335
990,45.593,45.30888235,45.293,45.293,45.64176,46.29528571,44.25222222,46.285,46.285
1000,45.605,45.33711765,45.205,45.205,45.66493617,46.23457143,44.25,46.235,46.235
1010,45.537,45.36535294,45.185,45.185,45.7372766,46.16333333,44.32,46.10166667,46.10166667
1020,45.469,45.39358824,45.165,45.165,45.80961702,46.05,44.39,45.77388889,45.77388889
1030,45.401,45.42182353,45.145,45.145,45.88195745,45.93666667,44.46,45.61892857,45.61892857
1040,45.333,45.45005882,45.125,45.125,45.95429787,45.82333333,44.53,45.63678571,45.63678571
1050,45.265,45.47829412,45.105,45.105,45.94656075,45.71,44.6,45.65464286,45.65464286
1060,45.197,45.50652941,45.085,45.085,45.90450467,45.676,44.67,45.6845,45.6845
1070,45.129,45.48885542,45.065,45.065,45.8624486,45.676,44.74,45.7195,45.7195
1080,45.061,45.45150602,45.045,45.045,45.82039252,45.676,44.87661972,44.47823529,44.47823529
1090,44.993,45.41415663,45.025,45.025,45.77833645,45.676,45.01323944,44.45470588,44.45470588
1100,44.925,45.37680723,45.005,45.005,45.73628037,45.676,45.14985915,44.43117647,44.43117647
1110,44.966,45.33945783,45.054,45.054,45.6942243,45.68171429,45.28647887,44.77,44.77
1120,45.007,45.30210843,45.103,45.103,45.65216822,45.68885714,45.42309859,45.84163043,45.84163043
1130,45.048,45.26475904,45.152,45.152,45.61011215,45.696,45.55971831,45.82967391,45.82967391
1140,45.089,45.22740964,45.201,45.201,45.56805607,45.70314286,45.69633803,45.81771739,45.81771739
1150,45.13,45.22322785,45.25,45.25,45.526,45.726625,45.74705882,45.80576087,45.80576087
1160,45.171,45.26879747,45.299,45.299,45.60781818,45.761,45.8095,45.79380435,45.79380435
1170,45.212,45.31436709,45.348,45.348,45.68963636,45.795375,45.957,45.78184783,45.78184783
1180,45.253,45.35993671,45.397,45.397,45.77145455,45.82975,46.1045,45.7698913,45.7698913
1190,45.294,45.40550633,45.446,45.446,45.79263462,45.864125,46.252,45.75793478,45.75793478
1200,45.335,45.45107595,45.495,45.495,45.78782692,45.8985,46.3995,45.74597826,45.74597826
1210,45.335,45.49664557,45.55,45.55,45.78301923,45.326,46.547,44.92166667,44.92166667
1220,45.335,45.54221519,45.605,45.605,45.77821154,44.76087179,46.6945,44.64805556,44.64805556
1230,45.335,45.55928571,45.66,45.66,45.77340385,44.80446154,46.842,44.68416667,44.68416667
1240,45.335,45.54785714,45.715,45.715,45.76859615,44.84805128,46.95483871,44.72027778,44.72027778
1250,45.335,45.53642857,45.77,45.77,45.76378846,44.89164103,46.92903226,44.75638889,44.75638889
1260,45.335,45.525,45.825,45.825,45.75898077,44.90725,46.90322581,44.7799115,44.7799115
1270,45.335,45.51357143,45.88,45.88,45.75417308,44.91975,46.87741935,44.8020354,44.8020354
1280,45.335,45.50214286,45.935,45.935,45.74936538,44.93225,46.8516129,44.82415929,44.82415929
1290,45.335,45.49071429,45.99,45.99,45.76429268,44.94475,46.82580645,44.84628319,44.84628319
1300,45.335,45.50919355,46.045,46.045,45.82526829,44.95725,46.8,44.86840708,44.86840708
1310,45.36307018,45.55758065,45.64194444,45.64194444,45.8862439,44.96975,46.77419355,44.89053097,44.89053097
1320,45.39114035,45.60596774,45.79472222,45.79472222,45.94721951,44.98225,46.7483871,44.91265487,44.91265487
1330,45.41921053,45.65435484,45.9475,45.9475,46.00819512,44.99028571,46.72258065,44.93477876,44.93477876
1340,45.4472807,45.70274194,46.11777778,46.11777778,46.06917073,44.99640816,46.69677419,44.95690265,44.95690265
1350,45.47535088,45.75112903,46.44555556,46.44555556,46.13014634,45.00253061,46.67096774,44.97902655,44.97902655
1360,45.49319277,45.61357143,46.67909091,46.66919355,46.19112195,45.00865306,46.64516129,45.00115044,45.00115044
1370,45.48716867,45.375,46.69272727,46.64983871,46.25945455,45.01477551,46.61935484,45.01913043,45.01913043
1380,45.48114458,45.35833333,46.70636364,46.63048387,46.394,45.02089796,46.59354839,45.03434783,45.03434783
1390,45.47512048,45.34166667,46.72,46.61112903,46.52854545,45.02702041,46.56774194,45.04956522,45.04956522
1400,45.46909639,45.39125,46.73363636,46.59177419,46.66309091,45.03314286,48.09,45.06478261,45.06478261
1410,45.46307229,45.485,46.74727273,46.57241935,46.79763636,45.03926531,48.20772152,45.08,45.08
1420,45.45704819,45.57875,46.76090909,46.555,46.93218182,45.04538776,48.15202532,45.08769231,45.08769231
1430,45.4510241,45.435,46.02815789,46.155,47.01171429,45.28475,48.09632911,45.2135,45.2135
1440,45.445,45.28685185,44.97552632,45.24076271,47.05457143,45.30225,48.04063291,45.2585,45.2585
1450,44.26657895,45.1387037,45.38376923,45.19330508,47.09742857,45.31975,47.98493671,45.3035,45.3035
1460,44.14026316,44.95166667,46.15723077,45.14584746,47.14028571,45.33725,47.92924051,45.3485,45.3485
1470,44.19363317,44.67388889,46.72077273,45.09838983,47.18314286,45.97266667,47.8735443,46.442,46.442
1480,44.29192462,44.51775862,46.44463636,45.0509322,47.226,47.226,47.8178481,47.15888889,47.15888889
1490,44.39021608,44.48327586,46.1685,45.00347458,48.31712245,48.31712245,47.90428571,47.778,47.736
1500,44.48850754,44.4487931,45.89236364,44.871,48.28753061,48.28753061,46.99230769,47.97285714,47.87029412
1510,44.58679899,44.68884615,45.61622727,44.71,48.25793878,48.25793878,45.9,48.01095238,47.85411765
1520,44.68509045,45.11192308,45.42766667,44.56,48.22834694,48.22834694,44.80769231,48.04904762,47.83794118
1530,44.78338191,45.535,45.261,44.41,48.1987551,48.1987551,45.5496,48.08714286,47.82176471
1540,44.88167337,45.62590909,45.09433333,44.26,48.16916327,48.16916327,45.5456,48.1252381,47.80558824
1550,44.97996482,45.71681818,45.10195238,44.245,48.13957143,48.13957143,45.5416,48.16333333,47.78941176
1560,45.07825628,45.6833871,45.15314286,44.245,48.10997959,48.10997959,45.18,48.16827586,47.77323529
1570,45.17654774,45.61887097,45.20433333,44.245,48.08038776,48.08038776,45.0325,48.09586207,47.82037037
1580,45.2748392,45.55435484,45.25552381,44.245,48.05079592,48.05079592,45.18666667,48.02344828,47.88333333
1590,45.37313065,45.37550633,45.439125,44.245,46.71975,46.71975,45.01909091,46.65,47.21
1600,45.47142211,45.14765823,45.711,44.245,45.926,45.88753846,43.63461538,45.95857143,45.73461538
1610,45.56971357,44.91981013,45.982875,44.245,45.75933333,45.59266667,42.88076923,45.77,45.71538462
1620,45.66800503,44.69196203,46.25475,44.20055556,45.59266667,45.29779487,42.456,45.75,45.696
1630,45.76629648,44.46411392,46.526625,44.145,45.426,45.00292308,42.30933333,45.73,45.676
1640,45.86458794,44.23626582,44.7985,44.145,45.254,44.67311111,42.3,45.560625,45.656
1650,45.9628794,44.00841772,44.73484615,44.145,45.074,44.29088889,42.174,45.241875,45.636
1660,46.06117085,43.78056962,44.65792308,44.145,44.894,43.90866667,41.81,45.18631579,45.58
1670,45.8415,43.37637931,44.581,44.145,44.714,43.52644444,41.526,45.16,44.19
1680,45.5865,42.92810345,44.50407692,44.16375,44.534,43.14422222,41.5,43.22363636,43.13652174
1690,46.011,42.47982759,44.466,44.22625,44.00054545,43.08963636,41.52545455,41.92666667,42.65826087
1700,46.66570588,42.16833333,44.451,44.19983871,43.12236364,41.59509091,41.494,41.44181818,42.18
1710,46.59511765,41.87203704,44.30688235,44.13532258,42.30070588,40.91247059,41.474,41.16909091,41.70173913
1720,45.481,41.62833333,44.15305882,44.07080645,41.536,40.736,41.448,40.94,41.22347826
1730,43.681,41.595,43.97658824,43.845,41.35952941,40.55952941,41.47666667,40.74,40.96333333
1740,43.38242857,41.56166667,43.70725,43.53666667,41.29225,40.49225,41.49818182,40.55677419,40.79666667
1750,42.871,41.535,43.376,43.45333333,41.47975,40.67975,41.48,40.52451613,40.78
1760,42.271,41.535,43.176,43.37,41.57975,40.77975,41.435,40.49225806,40.79875
1770,41.94381818,41.535,42.8105,43.28666667,41.645375,40.845375,41.39,40.46,40.86125
1780,41.672,41.535,42.19675,43.145,41.739125,40.939125,41.38,40.54823529,40.88
1790,41.63717241,41.535,41.74813333,42.945,41.81933333,41.01933333,41.34363636,40.63647059,40.97333333
1800,41.60234483,41.535,41.4785,42.745,41.886,41.086,41.328,40.72470588,41.44
1810,41.571,41.515,41.53016667,42.545,41.91377778,41.11377778,41.294,40.8,41.58
1820,41.571,41.475,41.49717647,42.47833333,41.93011765,41.13011765,41.342,40.86555556,41.57333333
1830,41.571,41.435,41.37952941,42.445,41.90070588,41.10070588,41.17,40.92111111,41.54
1840,41.571,41.435,41.45529412,42.445,41.886,41.086,41.138,40.96,41.50666667
1850,41.65281818,41.435,41.54870588,42.445,41.886,41.086,41.064,40.96,41.48
1860,41.58252941,41.435,41.36576471,42.49628205,41.83894118,41.03894118,41.046,40.96,41.48
1870,41.48,41.435,41.3085,42.5475641,41.789125,40.989125,41.145,41.03692308,41.48
1880,41.468375,41.435,41.43975,42.59884615,41.820375,41.020375,40.95272727,41.01,41.46285714
1890,41.41715385,41.435,41.261,42.65055556,41.820375,41.020375,40.925,40.950625,41.42
1900,41.371,41.435,41.043875,42.70611111,41.789125,40.989125,40.958,40.919375,41.39857143
1910,41.38528571,41.435,40.98325,42.745,41.757875,40.957875,40.834,40.89157895,41.38571429
1920,41.52814286,41.41067568,40.97777419,42.745,41.736,40.936,40.65,40.86526316,41.37142857
1930,41.61475,41.37013514,41.00906452,42.72357143,41.736,40.936,40.55,40.83647059,41.32857143
1940,41.6701,41.32959459,41.04035484,42.68785714,41.736,40.936,40.52,40.81217391,41.30933333
1950,41.64683333,41.28905405,41.08933333,42.65214286,41.72933333,40.92933333,40.48,40.83391304,41.304
1960,41.49407692,41.24851351,41.156,42.545,41.696,40.896,40.43,40.85565217,41.31733333
1970,41.39322222,41.20797297,41.27364706,42.45369565,41.686,40.886,40.286,40.88105263,41.32
1980,41.43942105,41.16743243,41.35723529,42.49717391,41.686,40.886,40.224,40.90736842,41.325625
1990,41.33415789,41.12854839,41.36135294,42.54065217,41.74482353,40.94482353,40.156,40.91,41.344375
2000,41.251,41.09629032,41.324,42.46318182,41.814125,41.014125,40.085,40.91,41.275625
2010,41.201,41.06403226,41.259,42.37227273,41.907875,41.107875,39.98,40.88222222,41.18
2020,41.017,41.03384615,41.55311765,42.317,42.01835294,41.21835294,40.1,40.96666667,41.18
2030,40.786625,41.02230769,41.76066667,42.277,42.136,41.336,40.564,41.5,41.29388889
2040,40.942875,41.01076923,41.76622222,42.205,42.31655556,41.37766667,40.88,41.835,41.52166667
2050,41.099125,41.06552632,41.77177778,42.005,42.49711111,41.41933333,42.925,42.085,41.9596875
2060,41.255375,41.18657895,41.77733333,41.86722222,42.67766667,41.461,43.86,42.335,42.4878125
2070,42.21836842,42.15078947,41.95126316,41.97833333,43.51933333,42.55266667,45.51,42.74888889,43.0159375
2080,43.271,43.67710526,41.95389474,42.08944444,45.696,45.196,45.566,44.558,44.79666667
2090,44.19009091,44.24,42.006,42.20055556,46.396,45.896,45.07,45.31666667,45.5075
2100,44.72766667,44.39,42.21501639,42.31166667,46.83418182,47.24327273,44.96259259,47.49,47.095
2110,44.83451351,44.96474359,42.36255738,42.53166667,45.516,45.016,44.85518519,44.94756757,44.99681818
2120,44.92640541,45.03910256,42.51009836,42.79833333,45.65690909,45.00539394,44.79333333,44.86648649,44.91045455
2130,45.0182973,45.11346154,42.65763934,43.065,45.79781818,44.99478788,44.83777778,44.78540541,44.8464
2140,45.11394118,45.18782051,42.80518033,43.33166667,45.93872727,44.98418182,45.35222222,44.70432432,44.8344
2150,45.24335294,45.277,42.95272131,43.59833333,46.07963636,44.97357576,48.75,44.72064516,44.8224
2160,45.501,45.381,43.1685,43.865,46.22054545,44.9629697,46.674,44.77870968,44.8352381
2170,45.951,45.485,43.5435,44.13166667,46.36145455,44.95236364,46.15058824,44.83677419,44.85428571
2180,46.401,45.589,44.174,44.517,47.414,46.514,46.16235294,46.62142857,46.708
2190,47.561,45.693,45.26225,45.28666667,48.856,48.856,46.17411765,48.97333333,48.87333333
2200,46.285,47.035,45.899,45.695,46.92,46.92,46.18588235,47.40181818,47.40181818
2210,46.275,47.017,45.75117241,46.10333333,45.62358621,45.62358621,46.19764706,45.51,45.51
2220,46.265,46.999,45.52358621,46.1987931,45.60289655,45.60289655,46.20941176,45.485,45.485
2230,46.255,46.981,45.296,46.21603448,45.5822069,45.5822069,46.22117647,45.46,45.46
2240,46.245,46.963,45.06841379,46.23327586,45.56151724,45.56151724,46.23294118,45.4790625,45.4790625
2250,46.235,46.945,44.84082759,46.795,45.54082759,45.54082759,46.23142857,45.5275,45.5275
2260,46.225,46.957,44.6295,47.535,45.52013793,45.52013793,46.21,45.5759375,45.5759375
2270,46.215,46.969,44.5645,47.4825,45.52,45.52,46.18857143,45.624375,45.624375
2280,46.205,46.981,44.4995,47.43,45.525,45.525,46.16714286,45.6728125,45.6728125
2290,46.195,46.993,44.4345,47.3775,45.53,45.53,46.14571429,45.72125,45.72125
2300,46.185,47.005,44.3695,47.325,45.535,45.535,46.12428571,45.74416667,45.74416667
2310,46.154,47.005,44.3045,47.1923913,45.54,45.54,46.10285714,45.665,45.665
2320,46.123,47.005,44.33744444,47.05978261,45.545,45.545,46.08142857,45.58583333,45.58583333
2330,46.092,47.005,45.25188889,46.92717391,45.55295652,45.55295652,46.06,45.55782609,45.55782609
2340,46.061,47.005,46.16633333,46.79456522,45.56165217,45.56165217,47.5928,45.5426087,45.5426087
2350,46.03,47.005,47.0925,47.0925,45.57034783,45.57034783,47.4088,45.5273913,45.5273913
2360,45.999,46.993,48.03625,48.03625,45.57904348,45.57904348,45.68842105,45.51217391,45.51217391
2370,45.968,46.981,48.305,48.305,45.76872727,46.531,45.63052632,46.284,46.284
2380,45.937,46.969,47.57833333,47.57833333,46.68236364,48.15266667,45.57263158,48.10666667,48.10666667
2390,45.906,46.957,46.90192308,46.90192308,47.596,47.786,45.51473684,47.49,47.49
2400,45.875,46.945,46.825,46.825,47.04863158,47.0685,46.18065934,46.835,46.835
2410,45.81184211,46.8424359,46.778,46.778,46.55014414,46.194,46.18285714,46.18,46.18
2420,45.74868421,46.73987179,46.731,46.731,46.49158559,46.174,46.18505495,46.20830189,46.20830189
2430,45.68552632,46.63730769,46.684,46.684,46.43302703,46.154,46.18725275,46.23660377,46.23660377
2440,46.53,46.84166667,46.637,46.637,46.37446847,46.134,46.18945055,46.26490566,46.26490566
2450,46.39,46.5559434,46.59,46.59,46.31590991,46.114,46.19164835,46.29320755,46.29320755
2460,45.73755319,46.42575472,46.543,46.543,46.25735135,46.094,46.19384615,46.32150943,46.32150943
2470,45.72691489,46.29556604,46.496,46.496,46.19879279,46.03392453,46.19604396,46.2676087,46.2676087
2480,45.7162766,46.16537736,46.449,46.449,46.14023423,45.94713208,46.19824176,46.17847826,46.17847826
2490,45.7056383,46.03518868,46.402,46.402,46.08167568,45.86033962,46.19425532,46.08934783,46.08934783
2500,45.695,45.905,46.355,46.355,46.02311712,45.77354717,46.16553191,46.00021739,46.00021739
2510,45.689,45.898,46.364,46.364,45.96455856,45.68675472,46.13680851,45.88333333,45.88333333
2520,45.683,45.891,46.373,46.373,45.906,45.6475625,46.10808511,45.592,45.592
2530,45.677,45.884,46.382,46.382,45.884,45.7194375,46.0793617,45.602,45.602
2540,45.671,45.877,46.391,46.391,45.862,45.7913125,46.0506383,45.612,45.612
2550,45.665,45.87,46.4,46.4,45.84,45.8631875,46.02191489,45.622,45.622
2560,45.659,45.863,46.409,46.409,45.818,45.9350625,45.99319149,45.632,45.632
2570,45.653,45.856,46.418,46.418,45.796,46.0069375,45.96446809,45.642,45.642
2580,45.647,45.849,46.427,46.427,45.82473563,46.0788125,45.93574468,46.0915942,46.0915942
2590,45.641,45.842,46.436,46.436,45.85347126,46.07415789,45.92288889,46.10753623,46.10753623
2600,45.635,45.835,46.445,46.445,45.8822069,46.061,45.914,46.12347826,46.12347826
2610,45.615,45.813,46.34115385,46.34115385,45.91094253,46.04784211,45.90511111,46.13942029,46.13942029
2620,45.595,45.791,46.23730769,46.23730769,45.93967816,46.03468421,45.89622222,46.15536232,46.15536232
2630,45.575,45.769,46.13346154,46.13346154,45.96841379,46.02152632,45.88733333,46.17130435,46.17130435
2640,45.555,45.747,46.02961538,46.02961538,45.99714943,46.00836842,45.87844444,46.18724638,46.18724638
2650,45.535,45.725,45.92576923,45.92576923,46.02588506,45.99521053,45.86955556,46.14444444,46.14444444
2660,45.515,45.703,45.96,45.96,46.01994737,45.98478378,45.86066667,45.93309091,45.93309091
2670,45.495,45.681,46.02875,46.02875,45.93310526,45.98072973,45.85177778,45.87672727,45.87672727
2680,45.475,45.659,46.0975,46.0975,45.84626316,45.97667568,45.82234568,45.82036364,45.82036364
2690,45.455,45.637,46.16625,46.16625,45.75942105,45.97262162,45.78777778,45.764,45.764
2700,45.435,45.615,46.235,46.235,45.73266667,45.96856757,45.75320988,45.70763636,45.70763636
2710,45.437,45.611,46.209,46.209,45.766,45.96451351,45.71864198,45.65127273,45.65127273
2720,45.439,45.607,46.183,46.183,45.79933333,45.96045946,45.68407407,45.59490909,45.59490909
2730,45.441,45.603,46.157,46.157,45.83266667,45.95640541,45.64950617,45.53854545,45.53854545
2740,45.443,45.599,46.131,46.131,45.866,45.96984615,45.61493827,45.48218182,45.48218182
2750,45.445,45.595,46.105,46.105,45.89933333,45.98523077,45.58037037,45.42581818,45.42581818
2760,45.447,45.591,46.079,46.079,45.93266667,46.00061538,45.55465753,45.36945455,45.36945455
2770,45.449,45.587,46.053,46.053,45.966,46.016,45.53273973,45.397,45.397
2780,45.451,45.583,46.027,46.027,45.93,46.03138462,45.51082192,45.62033333,45.62033333
2790,45.453,45.579,46.001,46.001,45.894,46.04676923,45.48890411,45.84366667,45.84366667
2800,45.455,45.575,45.975,45.975,45.858,46.03847191,45.4669863,45.99693878,45.99693878
2810,45.553,45.589,45.92,45.92,45.822,45.99465169,45.44506849,45.98673469,45.98673469
2820,45.651,45.603,45.865,45.865,45.786,45.95083146,45.42315068,45.97653061,45.97653061
2830,45.749,45.617,45.81,45.81,45.75,45.90701124,45.40793103,45.96632653,45.96632653
2840,45.847,45.631,45.755,45.755,45.714,45.86319101,45.40275862,45.95612245,45.95612245
2850,45.945,45.645,45.7,45.7,45.678,45.81937079,45.39758621,45.92606838,45.92606838
2860,45.833,45.623,45.645,45.645,45.642,45.77555056,45.39241379,45.86623932,45.86623932
2870,45.721,45.601,45.59,45.59,45.606,45.73173034,45.38724138,45.80641026,45.80641026
2880,45.609,45.579,45.535,45.535,45.608,45.68791011,45.38206897,45.7465812,45.7465812
2890,45.497,45.557,45.48,45.48,45.61,45.66161404,45.37428571,45.68675214,45.68675214
2900,45.385,45.535,45.425,45.425,45.612,45.65284211,45.3647619,45.62692308,45.62692308
2910,45.37,45.532,45.464,45.464,45.614,45.64407018,45.3552381,45.56709402,45.56709402
2920,45.355,45.529,45.503,45.503,45.616,45.63529825,45.34571429,45.50726496,45.50726496
2930,45.34,45.526,45.542,45.542,45.618,45.62652632,45.348,45.4474359,45.4474359
2940,45.325,45.523,45.581,45.581,45.62,45.61775439,45.39076923,45.38760684,45.38760684
2950,45.31,45.52,45.62,45.62,45.622,45.62192593,45.45272727,45.32777778,45.32777778
2960,45.295,45.517,45.659,45.659,45.624,45.62933333,45.38,45.26794872,45.26794872
2970,45.28,45.514,45.698,45.698,45.626,45.63674074,45.11870968,45.32,45.32
2980,45.265,45.511,45.737,45.737,45.56866667,45.64414815,44.85741935,45.42,45.42
2990,45.25,45.508,45.776,45.776,45.51133333,45.65155556,44.59612903,45.52,45.52
3000,45.235,45.505,45.815,45.815,45.454,45.64215385,43.89,45.57757576,45.57757576
3010,45.24333333,45.461,45.787,45.787,45.39666667,45.60753846,45.32895522,45.57151515,45.57151515
3020,45.25166667,45.417,45.759,45.759,45.33933333,45.57292308,45.2438806,45.56545455,45.56545455
3030,45.26,45.373,45.731,45.731,45.282,45.53830769,45.15880597,45.55939394,45.55939394
3040,45.26833333,45.329,45.703,45.703,45.22466667,45.50369231,45.07373134,45.55333333,45.55333333
3050,45.27666667,45.285,45.675,45.675,45.20266667,45.46907692,44.98865672,45.54727273,45.54727273
3060,45.285,45.241,45.647,45.647,45.216,45.43446154,44.90358209,45.54121212,45.54121212
3070,45.29333333,45.197,45.619,45.619,45.22933333,45.39984615,44.81850746,45.52836364,45.52836364
3080,45.30166667,45.153,45.591,45.591,45.24266667,45.37078873,44.84539326,45.51381818,45.51381818
3090,45.31,45.109,45.563,45.563,45.256,45.34543662,44.8847191,45.49927273,45.49927273
3100,44.835,45.065,45.535,45.535,45.26933333,45.32008451,44.92404494,45.48472727,45.48472727
3110,44.76642857,45.088,45.537,45.537,45.28266667,45.29473239,44.96337079,45.47018182,45.47018182
3120,44.69785714,45.111,45.539,45.539,45.296,45.26938028,45.00269663,44.89785714,44.85857143
3130,44.62928571,45.134,45.541,45.541,45.30933333,45.24402817,45.04202247,44.93714286,44.70142857
3140,44.56071429,45.157,45.543,45.543,45.32266667,45.21867606,45.08134831,44.97642857,44.54428571
3150,44.49214286,45.18,45.545,45.545,45.336,45.2034359,45.12067416,45.00676923,44.49061538
3160,44.42357143,45.203,45.547,45.547,45.33155556,45.19830769,45.16,45.02369231,44.59215385
3170,44.355,45.226,45.549,45.549,45.32711111,45.19317949,45.165,45.04061538,44.69369231
3180,45.325,45.249,45.551,45.551,45.32266667,45.18805128,45.17,45.05753846,44.79523077
3190,45.225,45.272,45.553,45.553,45.31822222,45.18292308,45.175,45.07446154,44.89676923
3200,45.125,45.295,45.555,45.555,45.32504762,45.17779487,45.18,45.09138462,44.99830769
3210,45.102,45.283,45.535,45.535,45.34314286,45.17266667,45.185,45.10830769,45.09984615
3220,45.079,45.271,45.515,45.515,45.3612381,45.16753846,45.19,45.12372881,45.12372881
3230,45.056,45.259,45.495,45.495,45.37933333,45.25544444,45.195,45.13898305,45.13898305
3240,45.033,45.247,45.475,45.475,45.39742857,45.38322222,45.2,45.15423729,45.15423729
3250,45.01,45.235,45.455,45.455,45.41552381,45.511,45.18352941,45.16949153,45.16949153
3260,44.987,45.223,45.435,45.435,45.43361905,45.63877778,45.16705882,45.18474576,45.18474576
3270,44.964,45.211,45.415,45.415,45.45171429,45.76655556,45.15058824,45.2,45.2
3280,44.941,45.199,45.395,45.395,45.46980952,45.89433333,45.13411765,44.60692308,44.60692308
3290,44.918,45.187,45.375,45.375,45.48790476,46.02211111,45.11764706,44.75307692,44.75307692
3300,44.895,45.175,45.355,45.355,45.506,46.03933333,45.10117647,44.85555556,44.85555556
3310,44.912,45.181,45.349,45.349,45.49859259,45.946,45.08470588,44.78333333,44.78333333
3320,44.929,45.187,45.343,45.343,45.49118519,45.85266667,45.06823529,44.71111111,44.71111111
3330,44.946,45.193,45.337,45.337,45.48377778,45.75933333,45.0567033,44.63888889,44.63888889
3340,44.963,45.199,45.331,45.331,45.47637037,45.666,45.05010989,44.56666667,44.56666667
3350,44.98,45.205,45.325,45.325,45.46896296,45.57266667,45.04351648,44.49444444,44.49444444
3360,44.997,45.211,45.319,45.319,45.46155556,45.47933333,45.03692308,45.47620253,45.47620253
3370,45.014,45.217,45.313,45.313,45.45414815,45.386,45.03032967,45.46987342,45.46987342
3380,45.031,45.223,45.307,45.307,45.44674074,45.38486364,45.02373626,45.4635443,45.4635443
3390,45.048,45.229,45.301,45.301,45.46377778,45.38372727,45.01714286,45.45721519,45.45721519
3400,45.065,45.235,45.295,45.295,45.48353086,45.38259091,45.01054945,45.45088608,45.45088608
3410,45.067,45.235,45.3,45.3,45.50328395,45.38145455,45.00395604,45.44455696,45.44455696
3420,45.069,45.235,45.305,45.305,45.52303704,45.38031818,44.99955556,45.43822785,45.43822785
3430,45.071,45.235,45.31,45.31,45.54279012,45.37918182,44.99844444,45.43189873,45.43189873
3440,45.073,45.235,45.315,45.315,45.56254321,45.37804545,44.99733333,45.43252252,45.43252252
3450,45.075,45.235,45.32,45.32,45.5822963,45.37690909,44.99622222,45.43612613,45.43612613
3460,45.077,45.235,45.325,45.325,45.60204938,45.3820274,44.99511111,45.43972973,45.43972973
3470,45.079,45.235,45.33,45.33,45.6028,45.41216438,44.994,45.44333333,45.44333333
3480,45.081,45.235,45.335,45.335,45.5988,45.44230137,44.99288889,45.44693694,45.44693694
3490,45.083,45.235,45.34,45.34,45.5948,45.47243836,44.99177778,45.45054054,45.45054054
3500,45.085,45.235,45.345,45.345,45.5908,45.50257534,44.99066667,45.45414414,45.45414414
3510,45.12785714,45.254,45.357,45.357,45.5868,45.53271233,45.001,45.45774775,45.45774775
3520,45.17071429,45.273,45.369,45.369,45.5828,45.56284932,45.0285,45.46135135,45.46135135
3530,45.21357143,45.292,45.381,45.381,45.5788,45.5929863,45.056,45.46495495,45.46495495
3540,45.25642857,45.311,45.393,45.393,45.5748,45.60452632,45.0835,45.46855856,45.46855856
3550,45.29928571,45.33,45.405,45.405,45.5708,45.614,46.6775,45.48829268,45.48829268
3560,45.34214286,45.349,45.417,45.417,45.5668,45.62347368,45.005,45.51878049,45.51878049
3570,45.385,45.368,45.429,45.429,45.5812381,45.63294737,44.94666667,45.54926829,45.54926829
3580,45.42785714,45.387,45.441,45.441,45.60028571,45.64242105,44.91333333,45.5797561,45.5797561
3590,45.47071429,45.406,45.453,45.453,45.61933333,45.65189474,44.88,45.6102439,45.6102439
3600,45.155,45.425,45.465,45.465,45.63838095,45.66136842,44.84666667,45.64073171,45.64073171
3610,45.148,45.411,45.449,45.449,45.65742857,45.67084211,44.81333333,45.67121951,45.67121951
3620,45.141,45.397,45.433,45.433,45.67647619,45.68031579,44.78,45.70170732,45.70170732
3630,45.134,45.383,45.417,45.417,45.69552381,45.68085714,44.74666667,46.04,46.04
3640,45.127,45.369,45.401,45.401,45.71457143,45.668,44.71333333,45.97513761,45.97513761
3650,45.12,45.355,45.385,45.385,45.73361905,45.65514286,44.68415842,45.92651376,45.92651376
3660,45.113,45.341,45.369,45.369,45.75266667,45.64228571,44.65544554,45.87788991,45.87788991
3670,45.106,45.327,45.353,45.353,45.75057143,45.62942857,44.62673267,45.82926606,45.82926606
3680,45.099,45.313,45.337,45.337,45.69914286,45.61657143,44.5980198,45.7806422,45.7806422
3690,45.092,45.299,45.321,45.321,45.64771429,45.60371429,44.56930693,45.73201835,45.73201835
3700,45.085,45.285,45.305,45.305,45.59628571,45.58753846,44.54059406,45.6833945,45.6833945
3710,45.093,45.289,45.312,45.312,45.694,45.56638462,44.51188119,45.63477064,45.63477064
3720,45.101,45.293,45.319,45.319,45.829,45.54523077,44.48316832,45.58614679,45.58614679
3730,45.109,45.297,45.326,45.326,45.964,45.52407692,44.45445545,45.53752294,45.53752294
3740,45.117,45.301,45.333,45.333,46.099,45.50292308,44.42574257,45.48889908,45.48889908
3750,45.125,45.305,45.34,45.34,46.234,46.49933333,44.42682927,46.195,46.195
3760,45.133,45.309,45.347,45.347,46.369,45.784,44.43536585,46.83666667,46.83666667
3770,45.141,45.313,45.354,45.354,46.35314286,45.66534426,44.44390244,46.19666667,46.19666667
3780,45.149,45.317,45.361,45.361,46.29957143,45.65878689,44.45243902,45.659,45.659
3790,45.157,45.321,45.368,45.368,46.246,45.65222951,44.46097561,45.63456897,45.63456897
3800,45.165,45.325,45.375,45.375,46.19242857,45.64567213,44.4695122,45.62853448,45.62853448
3810,45.167,45.339,45.385,45.385,46.13885714,45.63911475,44.47804878,45.6225,45.6225
3820,45.169,45.353,45.395,45.395,46.08528571,45.63255738,44.48658537,45.61646552,45.61646552
3830,45.171,45.367,45.405,45.405,46.03171429,45.626,44.4975,45.61043103,45.61043103
3840,45.173,45.381,45.415,45.415,45.97814286,45.61539394,44.51,45.60439655,45.60439655
3850,45.175,45.395,45.425,45.425,45.92457143,45.60478788,44.5225,45.59836207,45.59836207
3860,45.177,45.409,45.435,45.435,45.871,45.59418182,44.535,45.59232759,45.59232759
3870,45.179,45.423,45.445,45.445,45.81742857,45.58357576,44.5475,45.5862931,45.5862931
3880,45.181,45.437,45.455,45.455,45.76385714,45.5729697,44.56,45.58025862,45.58025862
3890,45.183,45.451,45.465,45.465,45.71028571,45.56236364,44.5725,45.57422414,45.57422414
3900,45.185,45.465,45.475,45.475,45.65671429,45.55150562,44.585,45.55973684,45.55973684
3910,45.208,45.477,45.489,45.489,45.61625641,45.54026966,44.584,45.52552632,45.52552632
3920,45.231,45.489,45.503,45.503,45.57907692,45.52903371,44.574,45.49131579,45.49131579
3930,45.254,45.501,45.517,45.517,45.54189744,45.51779775,44.564,45.45710526,45.45710526
3940,45.277,45.513,45.531,45.531,45.50471795,45.5065618,44.554,45.41589286,45.41589286
3950,45.3,45.525,45.545,45.545,45.46753846,45.49532584,44.544,45.36767857,45.36767857
3960,45.323,45.537,45.559,45.559,45.43035897,45.48408989,44.534,45.31946429,45.31946429
3970,45.346,45.549,45.573,45.573,45.39317949,45.47285393,44.524,45.27125,45.27125
3980,45.369,45.561,45.587,45.587,45.356,45.46161798,44.514,45.22303571,45.22303571
3990,45.392,45.573,45.601,45.601,45.31882051,45.4179403,44.504,45.17482143,45.17482143
4000,45.415,45.585,45.615,45.615,45.28164103,45.3418209,44.53428571,45.0905,45.0905
4010,45.421,45.588,45.617,45.617,45.24446154,45.26570149,44.59142857,45.00216667,45.00216667
4020,45.427,45.591,45.619,45.619,45.20728205,45.18958209,44.64857143,44.91383333,44.91383333
4030,45.433,45.594,45.621,45.621,45.17010256,45.11346269,44.70571429,44.8255,44.8255
4040,45.439,45.597,45.623,45.623,45.13292308,45.03734328,44.76285714,44.73716667,44.73716667
4050,45.445,45.6,45.625,45.625,45.09574359,44.96122388,44.82,44.64883333,44.64883333
4060,45.451,45.603,45.627,45.627,45.06973134,44.98781818,44.87714286,45.24809524,45.24809524
4070,45.457,45.606,45.629,45.629,45.08838806,45.04009091,44.93428571,45.22428571,45.22428571
4080,45.463,45.609,45.631,45.631,45.10704478,45.09236364,44.99142857,45.20047619,45.20047619
4090,45.469,45.612,45.633,45.633,45.12570149,45.14463636,45.00484848,45.17666667,45.17666667
4100,45.475,45.615,45.635,45.635,45.14435821,45.18165657,44.97454545,45.16454545,45.16454545
4110,45.466,45.6,45.6607732,45.6607732,45.16301493,45.19579798,44.94424242,45.17969697,45.17969697
4120,45.457,45.585,45.68654639,45.68654639,45.18167164,45.20993939,45.48,45.19484848,45.19484848
4130,45.448,45.57,45.71231959,45.71231959,45.20032836,45.22408081,45.45926829,45.21,45.21
4140,45.439,45.555,45.73809278,45.73809278,45.21898507,45.23822222,45.43853659,45.22515152,45.22515152
4150,45.43,45.54,45.76386598,45.76386598,45.23764179,45.25236364,45.41780488,45.24030303,45.24030303
4160,45.421,45.525,45.78963918,45.78963918,45.25629851,45.26650505,45.39707317,45.25545455,45.25545455
4170,45.412,45.51,45.81541237,45.81541237,45.27495522,45.28064646,45.37634146,45.27060606,45.27060606
4180,45.403,45.495,45.84118557,45.84118557,45.29361194,45.29478788,45.35560976,45.28575758,45.28575758
4190,45.394,45.48,45.86695876,45.86695876,45.31226866,45.30892929,45.33487805,45.30090909,45.30090909
4200,45.385,45.465,44.235,44.235,45.2416,44.79175758,45.31414634,44.38757576,44.38757576
4210,45.24382353,45.44277778,45.451,45.451,45.1486,44.74428283,44.75,44.37545455,44.37545455
4220,45.47875,45.693,45.571,45.571,45.0556,44.69680808,46.03,44.36333333,44.36333333
4230,44.7475,45.15269231,44.847,44.847,44.9626,44.64933333,44.52375,44.35121212,44.35121212
4240,45.83,45.47166667,45.55,45.55,44.8696,44.60185859,43.88,44.33909091,44.33909091
4250,45.425,45.69318182,44.935,44.935,44.7766,44.55438384,43.87493671,44.3269697,44.3269697
4260,45.429,45.68954545,45.057,45.057,44.6836,44.50690909,43.86987342,44.31484848,44.31484848
4270,45.433,45.68590909,45.179,45.179,44.5906,44.45943434,43.86481013,44.30272727,44.30272727
4280,45.437,45.68227273,45.301,45.301,44.4976,44.4119596,43.85974684,44.29060606,44.29060606
4290,45.441,45.67863636,45.423,45.423,44.4046,44.36448485,43.85468354,44.27848485,44.27848485
4300,45.445,45.675,45.545,45.545,44.3444,44.32196491,43.84962025,44.26266667,44.26266667
4310,45.417,45.638,45.527,45.527,44.2924,44.28687719,43.84455696,44.23822222,44.23822222
4320,45.389,45.601,45.509,45.509,44.2404,44.25178947,43.83272727,44.21377778,44.21377778
4330,45.361,45.564,45.491,45.491,44.1884,44.21670175,43.76,44.18933333,44.18933333
4340,45.333,45.527,45.473,45.473,44.1364,44.18161404,43.68727273,44.16488889,44.16488889
4350,45.305,45.49,45.455,45.455,44.0844,44.14652632,45.22218182,44.12923077,44.12923077
4360,45.277,45.453,45.437,45.437,44.0324,44.1114386,45.19672727,44.09076923,44.09076923
4370,45.249,45.416,45.419,45.419,43.9804,44.07635088,45.17127273,44.05230769,44.05230769
4380,45.221,45.379,45.401,45.401,43.9284,44.04126316,45.14581818,44.01384615,44.01384615
4390,45.193,45.342,45.383,45.383,43.8764,44.00617544,45.12036364,43.97538462,43.97538462
4400,45.165,45.305,45.365,45.365,43.8604,43.97108772,45.10105263,43.93692308,43.93692308
4410,45.139,45.286,45.344,45.344,43.8534,43.936,45.10631579,43.89846154,43.89846154
4420,45.113,45.267,45.323,45.323,43.8464,43.91623256,45.11157895,43.86,43.86
4430,45.087,45.248,45.302,45.302,43.8394,43.89646512,45.11684211,43.82153846,43.82153846
4440,45.061,45.229,45.281,45.281,43.8324,43.87669767,45.12210526,43.78307692,43.78307692
4450,45.035,45.21,45.26,45.26,43.8254,43.85693023,45.12736842,43.74461538,43.74461538
4460,45.009,45.191,45.239,45.239,43.8184,43.83716279,45.13263158,43.70615385,43.70615385
4470,44.983,45.172,45.218,45.218,43.8114,43.81739535,45.13789474,43.66769231,43.66769231
4480,44.957,45.153,45.197,45.197,43.8044,43.79762791,45.14315789,43.62923077,43.62923077
4490,44.931,45.134,45.176,45.176,43.7974,43.77786047,45.14842105,43.59076923,43.59076923
4500,44.905,45.115,45.155,45.155,43.7904,43.75809302,45.15368421,43.55230769,43.55230769
,,,,,,,,,
