 ,Year,Month,Day,水日通量,沙日通量,,,
2016-1-1,2016,1,1,31104000,25209792,,,
2016-1-2,2016,1,2,30326400,25474176,,,
2016-1-3,2016,1,3,29376000,19740672,,,
2016-1-4,2016,1,4,26265600,17098905.6,,,
2016-1-5,2016,1,5,27734400,19219939.2,,,
2016-1-6,2016,1,6,29894400,21942489.6,,,
2016-1-7,2016,1,7,32659200,23220691.2,,,
2016-1-8,2016,1,8,33091200,30443904,,,
2016-1-9,2016,1,9,33868800,32243097.6,,,
2016-1-10,2016,1,10,32659200,31320172.8,,,
2016-1-11,2016,1,11,28339200,24768460.8,,,
2016-1-12,2016,1,12,28339200,24400051.2,,,
2016-1-13,2016,1,13,31449600,26763609.6,,,
2016-1-14,2016,1,14,31104000,27464832,,,
2016-1-15,2016,1,15,31104000,25847424,,,
2016-1-16,2016,1,16,30672000,26561952,,,
2016-1-17,2016,1,17,29116800,25855718.4,,,
2016-1-18,2016,1,18,27993600,24578380.8,,,
2016-1-19,2016,1,19,31104000,29331072,,,
2016-1-20,2016,1,20,31449600,27518400,,,
2016-1-21,2016,1,21,31104000,34836480,,,
2016-1-22,2016,1,22,29462400,34765632,,,
2016-1-23,2016,1,23,26092800,20169734.4,,,
2016-1-24,2016,1,24,25574400,17902080,,,
2016-1-25,2016,1,25,19785600,14680915.2,,,
2016-1-26,2016,1,26,22723200,35675424,,,
2016-1-27,2016,1,27,24364800,25583040,,,
2016-1-28,2016,1,28,22118400,34725888,,,
2016-1-29,2016,1,29,20995200,34642080,,,
2016-1-30,2016,1,30,25747200,38878272,,,
2016-1-31,2016,1,31,24364800,32648832,,,
2016-2-1,2016,2,1,22636800,31238784,,,
2016-2-2,2016,2,2,25747200,26004672,,,
2016-2-3,2016,2,3,28425600,38374560,,,
2016-2-4,2016,2,4,25315200,29365632,,,
2016-2-5,2016,2,5,23068800,31373568,,,
2016-2-6,2016,2,6,27993600,32752512,,,
2016-2-7,2016,2,7,27129600,29571264,,,
2016-2-8,2016,2,8,25315200,23644396.8,,,
2016-2-9,2016,2,9,24537600,30672000,,,
2016-2-10,2016,2,10,24796800,29260224,,,
2016-2-11,2016,2,11,23587200,21322828.8,,,
2016-2-12,2016,2,12,23068800,17786044.8,,,
2016-2-13,2016,2,13,24796800,33971616,,,
2016-2-14,2016,2,14,26092800,27658368,,,
2016-2-15,2016,2,15,25315200,21568550.4,,,
2016-2-16,2016,2,16,25833600,21312720,,,
2016-2-17,2016,2,17,25574400,29154816,,,
2016-2-18,2016,2,18,25574400,22710067.2,,,
2016-2-19,2016,2,19,22118400,17915904,,,
2016-2-20,2016,2,20,20908800,12336192,,,
2016-2-21,2016,2,21,21254400,14878080,,,
2016-2-22,2016,2,22,21513600,18716832,,,
2016-2-23,2016,2,23,21254400,20021644.8,,,
2016-2-24,2016,2,24,21254400,19384012.8,,,
2016-2-25,2016,2,25,21513600,15898550.4,,,
2016-2-26,2016,2,26,23587200,22077619.2,,,
2016-2-27,2016,2,27,23846400,23703321.6,,,
2016-2-28,2016,2,28,22204800,15920841.6,,,
2016-2-29,2016,2,29,22550400,15756508.8,,,
2016-3-1,2016,3,1,22896000,15592176,,,
2016-3-2,2016,3,2,26611200,38586240,,,
2016-3-3,2016,3,3,33609600,53775360,,,
2016-3-4,2016,3,4,22896000,31825440,,,
2016-3-5,2016,3,5,22204800,22648896,,,
2016-3-6,2016,3,6,42595200,162287712,,,
2016-3-7,2016,3,7,48902400,147685248,,,
2016-3-8,2016,3,8,48902400,133992576,,,
2016-3-9,2016,3,9,53827200,110884032,,,
2016-3-10,2016,3,10,57888000,150508800,,,
2016-3-11,2016,3,11,54604800,111393792,,,
2016-3-12,2016,3,12,57110400,130211712,,,
2016-3-13,2016,3,13,54604800,90643968,,,
2016-3-14,2016,3,14,54604800,88459776,,,
2016-3-15,2016,3,15,54604800,106479360,,,
2016-3-16,2016,3,16,57888000,128511360,,,
2016-3-17,2016,3,17,54604800,97742592,,,
2016-3-18,2016,3,18,55468800,99289152,,,
2016-3-19,2016,3,19,57110400,98800992,,,
2016-3-20,2016,3,20,56246400,101243520,,,
2016-3-21,2016,3,21,60393600,157023360,,,
2016-3-22,2016,3,22,60393600,149172192,,,
2016-3-23,2016,3,23,65491200,153249408,,,
2016-3-24,2016,3,24,70761600,179026848,,,
2016-3-25,2016,3,25,69811200,147301632,,,
2016-3-26,2016,3,26,66355200,110813184,,,
2016-3-27,2016,3,27,63763200,102658752,,,
2016-3-28,2016,3,28,59616000,100751040,,,
2016-3-29,2016,3,29,62899200,113847552,,,
2016-3-30,2016,3,30,60393600,91798272,,,
2016-3-31,2016,3,31,54604800,95558400,,,
2016-4-1,2016,4,1,57888000,115776000,,,
2016-4-2,2016,4,2,57110400,86807808,,,
2016-4-3,2016,4,3,58752000,128079360,,,
2016-4-4,2016,4,4,60393600,144944640,,,
2016-4-5,2016,4,5,62899200,139007232,,,
2016-4-6,2016,4,6,62035200,140199552,,,
2016-4-7,2016,4,7,62035200,150125184,,,
2016-4-8,2016,4,8,62035200,131514624,,,
2016-4-9,2016,4,9,62035200,116005824,,,
2016-4-10,2016,4,10,60393600,91798272,,,
2016-4-11,2016,4,11,58752000,94003200,,,
2016-4-12,2016,4,12,62035200,106080192,,,
2016-4-13,2016,4,13,57888000,56730240,,,
2016-4-14,2016,4,14,54604800,70986240,,,
2016-4-15,2016,4,15,53827200,83970432,,,
2016-4-16,2016,4,16,50544000,68234400,,,
2016-4-17,2016,4,17,52185600,69928704,,,
2016-4-18,2016,4,18,51321600,69284160,,,
2016-4-19,2016,4,19,52185600,75147264,,,
2016-4-20,2016,4,20,51321600,84680640,,,
2016-4-21,2016,4,21,49766400,60217344,,,
2016-4-22,2016,4,22,45792000,62277120,,,
2016-4-23,2016,4,23,43372800,51179904,,,
2016-4-24,2016,4,24,42595200,60059232,,,
2016-4-25,2016,4,25,47433600,49805280,,,
2016-4-26,2016,4,26,45792000,49455360,,,
2016-4-27,2016,4,27,43372800,58553280,,,
2016-4-28,2016,4,28,42595200,33181660.8,,,
2016-4-29,2016,4,29,41731200,28669334.4,,,
2016-4-30,2016,4,30,41040000,41860800,,,
2016-5-1,2016,5,1,38016000,32921856,,,
2016-5-2,2016,5,2,36547200,30443817.6,,,
2016-5-3,2016,5,3,36547200,33184857.6,,,
2016-5-4,2016,5,4,33696000,33696000,,,
2016-5-5,2016,5,5,33091200,39378528,,,
2016-5-6,2016,5,6,42336000,30312576,,,
2016-5-7,2016,5,7,40608000,27451008,,,
2016-5-8,2016,5,8,39052800,30929817.6,,,
2016-5-9,2016,5,9,39052800,24915686.4,,,
2016-5-10,2016,5,10,39830400,20950790.4,,,
2016-5-11,2016,5,11,37411200,30789417.6,,,
2016-5-12,2016,5,12,35856000,25457760,,,
2016-5-13,2016,5,13,34300800,23736153.6,,,
2016-5-14,2016,5,14,35078400,27010368,,,
2016-5-15,2016,5,15,35856000,21244680,,,
2016-5-16,2016,5,16,35078400,20976883.2,,,
2016-5-17,2016,5,17,33523200,26550374.4,,,
2016-5-18,2016,5,18,32832000,25247808,,,
2016-5-19,2016,5,19,32832000,23409216,,,
2016-5-20,2016,5,20,32054400,17277321.6,,,
2016-5-21,2016,5,21,32054400,19937836.8,,,
2016-5-22,2016,5,22,30585600,17678476.8,,,
2016-5-23,2016,5,23,34473600,25441516.8,,,
2016-5-24,2016,5,24,33264000,17829504,,,
2016-5-25,2016,5,25,32140800,17677440,,,
2016-5-26,2016,5,26,31017600,15291676.8,,,
2016-5-27,2016,5,27,28944000,13806288,,,
2016-5-28,2016,5,28,29980800,15050361.6,,,
2016-5-29,2016,5,29,29980800,14900457.6,,,
2016-5-30,2016,5,30,28944000,14761440,,,
2016-5-31,2016,5,31,28944000,17279568,,,
2016-6-1,2016,6,1,31017600,16842556.8,,,
2016-6-2,2016,6,2,29980800,15530054.4,,,
2016-6-3,2016,6,3,29980800,17658691.2,,,
2016-6-4,2016,6,4,31017600,16191187.2,,,
2016-6-5,2016,6,5,31017600,19386000,,,
2016-6-6,2016,6,6,27907200,14455929.6,,,
2016-6-7,2016,6,7,27388800,13557456,,,
2016-6-8,2016,6,8,24192000,13644288,,,
2016-6-9,2016,6,9,25056000,12477888,,,
2016-6-10,2016,6,10,25056000,12001824,,,
2016-6-11,2016,6,11,26438400,10786867.2,,,
2016-6-12,2016,6,12,25488000,13177296,,,
2016-6-13,2016,6,13,25488000,10934352,,,
2016-6-14,2016,6,14,26956800,11294899.2,,,
2016-6-15,2016,6,15,24192000,9725184,,,
2016-6-16,2016,6,16,23328000,9774432,,,
2016-6-17,2016,6,17,16329600,6417532.8,,,
2016-6-18,2016,6,18,17452800,7399987.2,,,
2016-6-19,2016,6,19,22291200,9562924.8,,,
2016-6-20,2016,6,20,36633600,38098944,,,
2016-6-21,2016,6,21,49939200,80901504,,,
2016-6-22,2016,6,22,64713600,116484480,,,
2016-6-23,2016,6,23,65664000,97182720,,,
2016-6-24,2016,6,24,65664000,110972160,,,
2016-6-25,2016,6,25,63849600,81727488,,,
2016-6-26,2016,6,26,59443200,69548544,,,
2016-6-27,2016,6,27,64713600,104188896,,,
2016-6-28,2016,6,28,63849600,85239216,,,
2016-6-29,2016,6,29,63849600,97689888,,,
2016-6-30,2016,6,30,64713600,84127680,,,
2016-7-1,2016,7,1,69292800,105325056,,,
2016-7-2,2016,7,2,59443200,75492864,,,
2016-7-3,2016,7,3,51580800,65507616,,,
2016-7-4,2016,7,4,47779200,45008006.4,,,
2016-7-5,2016,7,5,51580800,48279628.8,,,
2016-7-6,2016,7,6,66528000,97130880,,,
2016-7-7,2016,7,7,66355200,120102912,,,
2016-7-8,2016,7,8,80784000,212461920,,,
2016-7-9,2016,7,9,87264000,231249600,,,
2016-7-10,2016,7,10,72662400,127159200,,,
2016-7-11,2016,7,11,63244800,98029440,,,
2016-7-12,2016,7,12,60134400,94411008,,,
2016-7-13,2016,7,13,60134400,96816384,,,
2016-7-14,2016,7,14,60912000,77358240,,,
2016-7-15,2016,7,15,64800000,99792000,,,
2016-7-16,2016,7,16,65577600,90497088,,,
2016-7-17,2016,7,17,68688000,122264640,,,
2016-7-18,2016,7,18,71884800,102076416,,,
2016-7-19,2016,7,19,74304000,109226880,,,
2016-7-20,2016,7,20,87264000,271391040,,,
2016-7-21,2016,7,21,77673600,141365952,,,
2016-7-22,2016,7,22,78451200,137289600,,,
2016-7-23,2016,7,23,89856000,198581760,,,
2016-7-24,2016,7,24,109728000,302849280,,,
2016-7-25,2016,7,25,119232000,385119360,,,
2016-7-26,2016,7,26,126144000,367079040,,,
2016-7-27,2016,7,27,130464000,365299200,,,
2016-7-28,2016,7,28,117504000,225607680,,,
2016-7-29,2016,7,29,114048000,248624640,,,
2016-7-30,2016,7,30,99360000,193752000,,,
2016-7-31,2016,7,31,88992000,167304960,,,
2016-8-1,2016,8,1,83289600,131597568,,,
2016-8-2,2016,8,2,84931200,157972032,,,
2016-8-3,2016,8,3,93312000,197821440,,,
2016-8-4,2016,8,4,101088000,165784320,,,
2016-8-5,2016,8,5,102816000,161421120,,,
2016-8-6,2016,8,6,88128000,169205760,,,
2016-8-7,2016,8,7,73785600,135765504,,,
2016-8-8,2016,8,8,66355200,108490752,,,
2016-8-9,2016,8,9,62899200,81768960,,,
2016-8-10,2016,8,10,62899200,81768960,,,
2016-8-11,2016,8,11,65491200,74659968,,,
2016-8-12,2016,8,12,50544000,52565760,,,
2016-8-13,2016,8,13,43286400,40083206.4,,,
2016-8-14,2016,8,14,38793600,26030505.6,,,
2016-8-15,2016,8,15,36547200,24303888,,,
2016-8-16,2016,8,16,38793600,24052032,,,
2016-8-17,2016,8,17,38793600,25409808,,,
2016-8-18,2016,8,18,40176000,30252528,,,
2016-8-19,2016,8,19,37324800,26090035.2,,,
2016-8-20,2016,8,20,29980800,14090976,,,
2016-8-21,2016,8,21,29980800,12981686.4,,,
2016-8-22,2016,8,22,29203200,13199846.4,,,
2016-8-23,2016,8,23,29203200,15419289.6,,,
2016-8-24,2016,8,24,28512000,14712192,,,
2016-8-25,2016,8,25,27129600,10851840,,,
2016-8-26,2016,8,26,29203200,15886540.8,,,
2016-8-27,2016,8,27,27820800,14800665.6,,,
2016-8-28,2016,8,28,27820800,13242700.8,,,
2016-8-29,2016,8,29,24969600,11361168,,,
2016-8-30,2016,8,30,24969600,9588326.4,,,
2016-8-31,2016,8,31,26956800,12454041.6,,,
2016-9-1,2016,9,1,24883200,10575360,,,
2016-9-2,2016,9,2,24883200,9132134.4,,,
2016-9-3,2016,9,3,25401600,8458732.8,,,
2016-9-4,2016,9,4,24364800,6968332.8,,,
2016-9-5,2016,9,5,23760000,5892480,,,
2016-9-6,2016,9,6,24364800,7991654.4,,,
2016-9-7,2016,9,7,23760000,8553600,,,
2016-9-8,2016,9,8,22809600,7527168,,,
2016-9-9,2016,9,9,25747200,8033126.4,,,
2016-9-10,2016,9,10,26265600,7932211.2,,,
2016-9-11,2016,9,11,24710400,7956748.8,,,
2016-9-12,2016,9,12,24278400,8691667.2,,,
2016-9-13,2016,9,13,25747200,10530604.8,,,
2016-9-14,2016,9,14,25747200,10556352,,,
2016-9-15,2016,9,15,24710400,10526630.4,,,
2016-9-16,2016,9,16,24278400,7817644.8,,,
2016-9-17,2016,9,17,25228800,9586944,,,
2016-9-18,2016,9,18,25747200,9011520,,,
2016-9-19,2016,9,19,24710400,9810028.8,,,
2016-9-20,2016,9,20,24710400,8475667.2,,,
2016-9-21,2016,9,21,24710400,10427788.8,,,
2016-9-22,2016,9,22,23846400,7845465.6,,,
2016-9-23,2016,9,23,23846400,8847014.4,,,
2016-9-24,2016,9,24,22636800,7651238.4,,,
2016-9-25,2016,9,25,22032000,9473760,,,
2016-9-26,2016,9,26,22032000,8526384,,,
2016-9-27,2016,9,27,21686400,9238406.4,,,
2016-9-28,2016,9,28,23068800,10173340.8,,,
2016-9-29,2016,9,29,27475200,16869772.8,,,
2016-9-30,2016,9,30,32400000,21805200,,,
2016-10-1,2016,10,1,31795200,22002278.4,,,
2016-10-2,2016,10,2,30585600,20492352,,,
2016-10-3,2016,10,3,30585600,17036179.2,,,
2016-10-4,2016,10,4,30585600,14864601.6,,,
2016-10-5,2016,10,5,29203200,14484787.2,,,
2016-10-6,2016,10,6,28598400,15300144,,,
2016-10-7,2016,10,7,28080000,11821680,,,
2016-10-8,2016,10,8,28080000,17971200,,,
2016-10-9,2016,10,9,28598400,27883440,,,
2016-10-10,2016,10,10,29203200,20529849.6,,,
2016-10-11,2016,10,11,28080000,12832560,,,
2016-10-12,2016,10,12,26956800,17818444.8,,,
2016-10-13,2016,10,13,25488000,13763520,,,
2016-10-14,2016,10,14,28598400,20705241.6,,,
2016-10-15,2016,10,15,28771200,19219161.6,,,
2016-10-16,2016,10,16,30153600,19569686.4,,,
2016-10-17,2016,10,17,31622400,23748422.4,,,
2016-10-18,2016,10,18,30153600,20775830.4,,,
2016-10-19,2016,10,19,30153600,27409622.4,,,
2016-10-20,2016,10,20,28771200,26296876.8,,,
2016-10-21,2016,10,21,28425600,34110720,,,
2016-10-22,2016,10,22,29721600,19110988.8,,,
2016-10-23,2016,10,23,36201600,25739337.6,,,
2016-10-24,2016,10,24,34473600,27061776,,,
2016-10-25,2016,10,25,33177600,26774323.2,,,
2016-10-26,2016,10,26,33782400,25438147.2,,,
2016-10-27,2016,10,27,36201600,27404611.2,,,
2016-10-28,2016,10,28,39225600,36048326.4,,,
2016-10-29,2016,10,29,45014400,63920448,,,
2016-10-30,2016,10,30,41731200,52581312,,,
2016-10-31,2016,10,31,41040000,45554400,,,
2016-11-1,2016,11,1,41040000,41450400,,,
2016-11-2,2016,11,2,40348800,51646464,,,
2016-11-3,2016,11,3,38275200,39423456,,,
2016-11-4,2016,11,4,38966400,31328985.6,,,
2016-11-5,2016,11,5,37584000,48483360,,,
2016-11-6,2016,11,6,34300800,35672832,,,
2016-11-7,2016,11,7,37411200,27684288,,,
2016-11-8,2016,11,8,30931200,24126336,,,
2016-11-9,2016,11,9,34387200,19359993.6,,,
2016-11-10,2016,11,10,36201600,27187401.6,,,
2016-11-11,2016,11,11,33782400,17668195.2,,,
2016-11-12,2016,11,12,28598400,15528931.2,,,
2016-11-13,2016,11,13,26438400,15387148.8,,,
2016-11-14,2016,11,14,30326400,19408896,,,
2016-11-15,2016,11,15,25920000,14204160,,,
2016-11-16,2016,11,16,28080000,13955760,,,
2016-11-17,2016,11,17,26438400,13589337.6,,,
2016-11-18,2016,11,18,32054400,21284121.6,,,
2016-11-19,2016,11,19,26438400,14779065.6,,,
2016-11-20,2016,11,20,26438400,16180300.8,,,
2016-11-21,2016,11,21,25401600,13793068.8,,,
2016-11-22,2016,11,22,20736000,13374720,,,
2016-11-23,2016,11,23,21859200,12153715.2,,,
2016-11-24,2016,11,24,25142400,15412291.2,,,
2016-11-25,2016,11,25,27302400,17910374.4,,,
2016-11-26,2016,11,26,27302400,18811353.6,,,
2016-11-27,2016,11,27,35164800,27534038.4,,,
2016-11-28,2016,11,28,29462400,17500665.6,,,
2016-11-29,2016,11,29,23414400,14235955.2,,,
2016-11-30,2016,11,30,24364800,11646374.4,,,
2016-12-1,2016,12,1,23587200,11463379.2,,,
2016-12-2,2016,12,2,23328000,10824192,,,
2016-12-3,2016,12,3,23328000,10684224,,,
2016-12-4,2016,12,4,23587200,10685001.6,,,
2016-12-5,2016,12,5,22723200,9339235.2,,,
2016-12-6,2016,12,6,22291200,12460780.8,,,
2016-12-7,2016,12,7,23155200,11855462.4,,,
2016-12-8,2016,12,8,22896000,12569904,,,
2016-12-9,2016,12,9,23155200,11762841.6,,,
2016-12-10,2016,12,10,23328000,14603328,,,
2016-12-11,2016,12,11,23155200,12735360,,,
2016-12-12,2016,12,12,23587200,10000972.8,,,
2016-12-13,2016,12,13,22896000,12684384,,,
2016-12-14,2016,12,14,23328000,13833504,,,
2016-12-15,2016,12,15,22896000,11951712,,,
2016-12-16,2016,12,16,22291200,14154912,,,
2016-12-17,2016,12,17,22032000,11016000,,,
2016-12-18,2016,12,18,21859200,10623571.2,,,
2016-12-19,2016,12,19,20131200,8837596.8,,,
2016-12-20,2016,12,20,18748800,7911993.6,,,
2016-12-21,2016,12,21,18403200,7177248,,,
2016-12-22,2016,12,22,18403200,7802956.8,,,
2016-12-23,2016,12,23,18748800,7068297.6,,,
2016-12-24,2016,12,24,19094400,6912172.8,,,
2016-12-25,2016,12,25,19094400,7389532.8,,,
2016-12-26,2016,12,26,19440000,5987520,,,
2016-12-27,2016,12,27,19785600,5975251.2,,,
2016-12-28,2016,12,28,19612800,5589648,,,
2016-12-29,2016,12,29,19440000,8262000,,,
2016-12-30,2016,12,30,18748800,7780752,,,
2016-12-31,2016,12,31,18662400,7623590.4,,,
2017-1-1,2017,1,1,18446400,8992620,,,
2017-1-2,2017,1,2,17625600,10240473.6,,,
2017-1-3,2017,1,3,16675200,7820668.8,,,
2017-1-4,2017,1,4,16329600,6801278.4,,,
2017-1-5,2017,1,5,16070400,6733497.6,,,
2017-1-6,2017,1,6,15897600,7058534.4,,,
2017-1-7,2017,1,7,15897600,7440076.8,,,
2017-1-8,2017,1,8,17625600,9323942.4,,,
2017-1-9,2017,1,9,17452800,9284889.6,,,
2017-1-10,2017,1,10,17452800,9180172.8,,,
2017-1-11,2017,1,11,17452800,8429702.4,,,
2017-1-12,2017,1,12,17625600,9094809.6,,,
2017-1-13,2017,1,13,17798400,9237369.6,,,
2017-1-14,2017,1,14,17798400,9628934.4,,,
2017-1-15,2017,1,15,17452800,8098099.2,,,
2017-1-16,2017,1,16,17366400,9916214.4,,,
2017-1-17,2017,1,17,17193600,7874668.8,,,
2017-1-18,2017,1,18,17193600,8854704,,,
2017-1-19,2017,1,19,17193600,7530796.8,,,
2017-1-20,2017,1,20,17020800,6570028.8,,,
2017-1-21,2017,1,21,16934400,9076838.4,,,
2017-1-22,2017,1,22,16761600,8179660.8,,,
2017-1-23,2017,1,23,16502400,5841849.6,,,
2017-1-24,2017,1,24,16243200,7082035.2,,,
2017-1-25,2017,1,25,16156800,6656601.6,,,
2017-1-26,2017,1,26,15897600,7440076.8,,,
2017-1-27,2017,1,27,15897600,8091878.4,,,
2017-1-28,2017,1,28,15552000,8133696,,,
2017-1-29,2017,1,29,15465600,6882192,,,
2017-1-30,2017,1,30,15638400,7052918.4,,,
2017-1-31,2017,1,31,15638400,6255360,,,
2017-2-1,2017,2,1,15638400,7412601.6,,,
2017-2-2,2017,2,2,15724800,8507116.8,,,
2017-2-3,2017,2,3,15811200,6403536,,,
2017-2-4,2017,2,4,15724800,6714489.6,,,
2017-2-5,2017,2,5,15811200,6814627.2,,,
2017-2-6,2017,2,6,15811200,6956928,,,
2017-2-7,2017,2,7,16243200,9112435.2,,,
2017-2-8,2017,2,8,16934400,11481523.2,,,
2017-2-9,2017,2,9,17452800,12216960,,,
2017-2-10,2017,2,10,18489600,11371104,,,
2017-2-11,2017,2,11,18662400,12615782.4,,,
2017-2-12,2017,2,12,18921600,9744624,,,
2017-2-13,2017,2,13,18489600,11648448,,,
2017-2-14,2017,2,14,18057600,8053689.6,,,
2017-2-15,2017,2,15,18662400,15340492.8,,,
2017-2-16,2017,2,16,21600000,18813600,,,
2017-2-17,2017,2,17,25833600,22268563.2,,,
2017-2-18,2017,2,18,27388800,31223232,,,
2017-2-19,2017,2,19,31363200,39517632,,,
2017-2-20,2017,2,20,28771200,22441536,,,
2017-2-21,2017,2,21,32745600,30453408,,,
2017-2-22,2017,2,22,37238400,38727936,,,
2017-2-23,2017,2,23,40003200,50804064,,,
2017-2-24,2017,2,24,39657600,53934336,,,
2017-2-25,2017,2,25,39312000,47960640,,,
2017-2-26,2017,2,26,38966400,49876992,,,
2017-2-27,2017,2,27,35164800,41494464,,,
2017-2-28,2017,2,28,37497600,40122432,,,
2017-3-1,2017,3,1,35856000,33740496,,,
2017-3-2,2017,3,2,41040000,48016800,,,
2017-3-3,2017,3,3,36547200,27008380.8,,,
2017-3-4,2017,3,4,35856000,32593104,,,
2017-3-5,2017,3,5,38880000,43156800,,,
2017-3-6,2017,3,6,44064000,63452160,,,
2017-3-7,2017,3,7,48211200,84851712,,,
2017-3-8,2017,3,8,46656000,70917120,,,
2017-3-9,2017,3,9,47433600,55022976,,,
2017-3-10,2017,3,10,43632000,42192144,,,
2017-3-11,2017,3,11,44064000,53758080,,,
2017-3-12,2017,3,12,41472000,46033920,,,
2017-3-13,2017,3,13,43286400,43719264,,,
2017-3-14,2017,3,14,44409600,39036038.4,,,
2017-3-15,2017,3,15,45532800,47354112,,,
2017-3-16,2017,3,16,48729600,71632512,,,
2017-3-17,2017,3,17,48124800,60156000,,,
2017-3-18,2017,3,18,47865600,57438720,,,
2017-3-19,2017,3,19,48729600,63348480,,,
2017-3-20,2017,3,20,49852800,55336608,,,
2017-3-21,2017,3,21,49593600,68439168,,,
2017-3-22,2017,3,22,48124800,64005984,,,
2017-3-23,2017,3,23,48124800,61599744,,,
2017-3-24,2017,3,24,51062400,55658016,,,
2017-3-25,2017,3,25,48470400,84338496,,,
2017-3-26,2017,3,26,47606400,88547904,,,
2017-3-27,2017,3,27,47260800,72309024,,,
2017-3-28,2017,3,28,51667200,54767232,,,
2017-3-29,2017,3,29,47865600,84243456,,,
2017-3-30,2017,3,30,47865600,61746624,,,
2017-3-31,2017,3,31,49334400,81895104,,,
2017-4-1,2017,4,1,56851200,116544960,,,
2017-4-2,2017,4,2,56851200,73906560,,,
2017-4-3,2017,4,3,58147200,109316736,,,
2017-4-4,2017,4,4,56160000,85363200,,,
2017-4-5,2017,4,5,60134400,117863424,,,
2017-4-6,2017,4,6,59529600,119654496,,,
2017-4-7,2017,4,7,58838400,117088416,,,
2017-4-8,2017,4,8,62208000,115084800,,,
2017-4-9,2017,4,9,62899200,88058880,,,
2017-4-10,2017,4,10,64886400,106413696,,,
2017-4-11,2017,4,11,65577600,124597440,,,
2017-4-12,2017,4,12,66960000,147981600,,,
2017-4-13,2017,4,13,69033600,133925184,,,
2017-4-14,2017,4,14,69033600,132544512,,,
2017-4-15,2017,4,15,70416000,138015360,,,
2017-4-16,2017,4,16,69724800,141541344,,,
2017-4-17,2017,4,17,76032000,171072000,,,
2017-4-18,2017,4,18,73872000,169905600,,,
2017-4-19,2017,4,19,72489600,142079616,,,
2017-4-20,2017,4,20,73872000,121150080,,,
2017-4-21,2017,4,21,73872000,153653760,,,
2017-4-22,2017,4,22,74649600,153778176,,,
2017-4-23,2017,4,23,79488000,137514240,,,
2017-4-24,2017,4,24,82771200,180441216,,,
2017-4-25,2017,4,25,78710400,179459712,,,
2017-4-26,2017,4,26,82771200,194512320,,,
2017-4-27,2017,4,27,81907200,143337600,,,
2017-4-28,2017,4,28,77155200,138879360,,,
2017-4-29,2017,4,29,72576000,104509440,,,
2017-4-30,2017,4,30,69552000,102241440,,,
2017-5-1,2017,5,1,64454400,76056192,,,
2017-5-2,2017,5,2,62380800,69866496,,,
2017-5-3,2017,5,3,57628800,63967968,,,
2017-5-4,2017,5,4,64584000,81375840,,,
2017-5-5,2017,5,5,64972800,83165184,,,
2017-5-6,2017,5,6,65664000,73543680,,,
2017-5-7,2017,5,7,62035200,81886464,,,
2017-5-8,2017,5,8,61344000,73612800,,,
2017-5-9,2017,5,9,63504000,87000480,,,
2017-5-10,2017,5,10,63504000,91445760,,,
2017-5-11,2017,5,11,59875200,77837760,,,
2017-5-12,2017,5,12,59184000,60367680,,,
2017-5-13,2017,5,13,58406400,60158592,,,
2017-5-14,2017,5,14,56937600,62061984,,,
2017-5-15,2017,5,15,56160000,55935360,,,
2017-5-16,2017,5,16,60048000,73859040,,,
2017-5-17,2017,5,17,59356800,71228160,,,
2017-5-18,2017,5,18,58147200,55821312,,,
2017-5-19,2017,5,19,55123200,52201670.4,,,
2017-5-20,2017,5,20,54604800,57881088,,,
2017-5-21,2017,5,21,55728000,55728000,,,
2017-5-22,2017,5,22,54604800,49526553.6,,,
2017-5-23,2017,5,23,53481600,58294944,,,
2017-5-24,2017,5,24,53481600,66317184,,,
2017-5-25,2017,5,25,51926400,46837612.8,,,
2017-5-26,2017,5,26,53481600,51288854.4,,,
2017-5-27,2017,5,27,52444800,62933760,,,
2017-5-28,2017,5,28,51408000,53978400,,,
2017-5-29,2017,5,29,51408000,43028496,,,
2017-5-30,2017,5,30,51926400,50991724.8,,,
2017-5-31,2017,5,31,52963200,54022464,,,
2017-6-1,2017,6,1,50025600,48925036.8,,,
2017-6-2,2017,6,2,49507200,47279376,,,
2017-6-3,2017,6,3,49075200,54964224,,,
2017-6-4,2017,6,4,49075200,46523289.6,,,
2017-6-5,2017,6,5,51926400,48499257.6,,,
2017-6-6,2017,6,6,49507200,46091203.2,,,
2017-6-7,2017,6,7,50976000,56583360,,,
2017-6-8,2017,6,8,51667200,74400768,,,
2017-6-9,2017,6,9,52444800,54542592,,,
2017-6-10,2017,6,10,53395200,53929152,,,
2017-6-11,2017,6,11,53395200,56598912,,,
2017-6-12,2017,6,12,51667200,57867264,,,
2017-6-13,2017,6,13,51667200,56317248,,,
2017-6-14,2017,6,14,48729600,43905369.6,,,
2017-6-15,2017,6,15,51667200,63033984,,,
2017-6-16,2017,6,16,56678400,78216192,,,
2017-6-17,2017,6,17,59184000,76939200,,,
2017-6-18,2017,6,18,65404800,97453152,,,
2017-6-19,2017,6,19,64454400,87657984,,,
2017-6-20,2017,6,20,67305600,97593120,,,
2017-6-21,2017,6,21,65404800,97453152,,,
2017-6-22,2017,6,22,64454400,83790720,,,
2017-6-23,2017,6,23,65404800,85680288,,,
2017-6-24,2017,6,24,66355200,89579520,,,
2017-6-25,2017,6,25,67305600,93554784,,,
2017-6-26,2017,6,26,65404800,88296480,,,
2017-6-27,2017,6,27,69206400,105193728,,,
2017-6-28,2017,6,28,67305600,86151168,,,
2017-6-29,2017,6,29,66355200,90243072,,,
2017-6-30,2017,6,30,71107200,102394368,,,
2017-7-1,2017,7,1,66355200,85598208,,,
2017-7-2,2017,7,2,60048000,64251360,,,
2017-7-3,2017,7,3,55814400,66977280,,,
2017-7-4,2017,7,4,54172800,66632544,,,
2017-7-5,2017,7,5,51667200,58900608,,,
2017-7-6,2017,7,6,54172800,55797984,,,
2017-7-7,2017,7,7,55036800,68245632,,,
2017-7-8,2017,7,8,46656000,42690240,,,
2017-7-9,2017,7,9,44755200,39295065.6,,,
2017-7-10,2017,7,10,45360000,42320880,,,
2017-7-11,2017,7,11,42854400,33083596.8,,,
2017-7-12,2017,7,12,44928000,35672832,,,
2017-7-13,2017,7,13,38966400,31835548.8,,,
2017-7-14,2017,7,14,35078400,29921875.2,,,
2017-7-15,2017,7,15,33004800,19901894.4,,,
2017-7-16,2017,7,16,31795200,19172505.6,,,
2017-7-17,2017,7,17,31795200,19681228.8,,,
2017-7-18,2017,7,18,34387200,26203046.4,,,
2017-7-19,2017,7,19,39744000,36326016,,,
2017-7-20,2017,7,20,29980800,22065868.8,,,
2017-7-21,2017,7,21,28425600,17254339.2,,,
2017-7-22,2017,7,22,30585600,16607980.8,,,
2017-7-23,2017,7,23,31795200,17232998.4,,,
2017-7-24,2017,7,24,29980800,18558115.2,,,
2017-7-25,2017,7,25,29462400,21301315.2,,,
2017-7-26,2017,7,26,31795200,25436160,,,
2017-7-27,2017,7,27,33696000,19678464,,,
2017-7-28,2017,7,28,33696000,26249184,,,
2017-7-29,2017,7,29,33696000,28607904,,,
2017-7-30,2017,7,30,38966400,28445472,,,
2017-7-31,2017,7,31,38966400,31056220.8,,,
2017-8-1,2017,8,1,46828800,43316640,,,
2017-8-2,2017,8,2,49766400,48920371.2,,,
2017-8-3,2017,8,3,60307200,107949888,,,
2017-8-4,2017,8,4,56419200,63753696,,,
2017-8-5,2017,8,5,67910400,106619328,,,
2017-8-6,2017,8,6,64368000,67586400,,,
2017-8-7,2017,8,7,45360000,36877680,,,
2017-8-8,2017,8,8,37411200,31986576,,,
2017-8-9,2017,8,9,35078400,24204096,,,
2017-8-10,2017,8,10,35078400,21538137.6,,,
2017-8-11,2017,8,11,35078400,24414566.4,,,
2017-8-12,2017,8,12,35078400,20310393.6,,,
2017-8-13,2017,8,13,33955200,20169388.8,,,
2017-8-14,2017,8,14,34473600,19374163.2,,,
2017-8-15,2017,8,15,33955200,19965657.6,,,
2017-8-16,2017,8,16,33436800,20095516.8,,,
2017-8-17,2017,8,17,32832000,21931776,,,
2017-8-18,2017,8,18,30758400,19408550.4,,,
2017-8-19,2017,8,19,30758400,19654617.6,,,
2017-8-20,2017,8,20,27475200,15908140.8,,,
2017-8-21,2017,8,21,26092800,15838329.6,,,
2017-8-22,2017,8,22,26524800,17267644.8,,,
2017-8-23,2017,8,23,25228800,14708390.4,,,
2017-8-24,2017,8,24,24796800,10761811.2,,,
2017-8-25,2017,8,25,23932800,11751004.8,,,
2017-8-26,2017,8,26,24364800,11987481.6,,,
2017-8-27,2017,8,27,24796800,12844742.4,,,
2017-8-28,2017,8,28,24796800,13067913.6,,,
2017-8-29,2017,8,29,24796800,12274416,,,
2017-8-30,2017,8,30,24796800,17283369.6,,,
2017-8-31,2017,8,31,25228800,11882764.8,,,
2017-9-1,2017,9,1,23932800,11679206.4,,,
2017-9-2,2017,9,2,23155200,9609408,,,
2017-9-3,2017,9,3,23932800,13952822.4,,,
2017-9-4,2017,9,4,23932800,14742604.8,,,
2017-9-5,2017,9,5,23155200,10651392,,,
2017-9-6,2017,9,6,22291200,11792044.8,,,
2017-9-7,2017,9,7,22723200,9202896,,,
2017-9-8,2017,9,8,20044800,9080294.4,,,
2017-9-9,2017,9,9,19353600,9057484.8,,,
2017-9-10,2017,9,10,20044800,9541324.8,,,
2017-9-11,2017,9,11,21686400,11602224,,,
2017-9-12,2017,9,12,20736000,11363328,,,
2017-9-13,2017,9,13,23673600,12381292.8,,,
2017-9-14,2017,9,14,20304000,8121600,,,
2017-9-15,2017,9,15,19872000,8564832,,,
2017-9-16,2017,9,16,20304000,11187504,,,
2017-9-17,2017,9,17,24710400,9983001.6,,,
2017-9-18,2017,9,18,19008000,8154432,,,
2017-9-19,2017,9,19,18576000,9696672,,,
2017-9-20,2017,9,20,19440000,8573040,,,
2017-9-21,2017,9,21,20304000,9096192,,,
2017-9-22,2017,9,22,19440000,9700560,,,
2017-9-23,2017,9,23,19440000,9292320,,,
2017-9-24,2017,9,24,18576000,8340624,,,
2017-9-25,2017,9,25,19008000,7432128,,,
2017-9-26,2017,9,26,18576000,7969104,,,
2017-9-27,2017,9,27,19440000,7134480,,,
2017-9-28,2017,9,28,19440000,6298560,,,
2017-9-29,2017,9,29,19872000,7014816,,,
2017-9-30,2017,9,30,21772800,8186572.8,,,
2017-10-1,2017,10,1,19440000,9875520,,,
2017-10-2,2017,10,2,20822400,11514787.2,,,
2017-10-3,2017,10,3,21859200,10251964.8,,,
2017-10-4,2017,10,4,22377600,11792995.2,,,
2017-10-5,2017,10,5,23500800,12643430.4,,,
2017-10-6,2017,10,6,23500800,15322521.6,,,
2017-10-7,2017,10,7,20390400,12295411.2,,,
2017-10-8,2017,10,8,23241600,15688080,,,
2017-10-9,2017,10,9,26092800,22231065.6,,,
2017-10-10,2017,10,10,33523200,58665600,,,
2017-10-11,2017,10,11,45360000,73029600,,,
2017-10-12,2017,10,12,37627200,53054352,,,
2017-10-13,2017,10,13,34905600,49216896,,,
2017-10-14,2017,10,14,35683200,47101824,,,
2017-10-15,2017,10,15,36460800,37190016,,,
2017-10-16,2017,10,16,31276800,25646976,,,
2017-10-17,2017,10,17,31968000,27364608,,,
2017-10-18,2017,10,18,42163200,53125632,,,
2017-10-19,2017,10,19,43027200,58086720,,,
2017-10-20,2017,10,20,38793600,29871072,,,
2017-10-21,2017,10,21,34905600,28343347.2,,,
2017-10-22,2017,10,22,35683200,24407308.8,,,
2017-10-23,2017,10,23,37238400,28859760,,,
2017-10-24,2017,10,24,38016000,29576448,,,
2017-10-25,2017,10,25,36460800,35257593.6,,,
2017-10-26,2017,10,26,34214400,39004416,,,
2017-10-27,2017,10,27,37238400,41707008,,,
2017-10-28,2017,10,28,45619200,78465024,,,
2017-10-29,2017,10,29,50976000,79012800,,,
2017-10-30,2017,10,30,52272000,87294240,,,
2017-10-31,2017,10,31,50457600,64585728,,,
2017-11-1,2017,11,1,51840000,53913600,,,
2017-11-2,2017,11,2,36720000,39657600,,,
2017-11-3,2017,11,3,41212800,48631104,,,
2017-11-4,2017,11,4,41990400,43250112,,,
2017-11-5,2017,11,5,45964800,64350720,,,
2017-11-6,2017,11,6,49334400,74001600,,,
2017-11-7,2017,11,7,50284800,77941440,,,
2017-11-8,2017,11,8,45964800,62052480,,,
2017-11-9,2017,11,9,43545600,53996544,,,
2017-11-10,2017,11,10,38966400,47539008,,,
2017-11-11,2017,11,11,42768000,45547920,,,
2017-11-12,2017,11,12,42768000,35925120,,,
2017-11-13,2017,11,13,43545600,47900160,,,
2017-11-14,2017,11,14,49334400,54267840,,,
2017-11-15,2017,11,15,44409600,55512000,,,
2017-11-16,2017,11,16,53740800,75237120,,,
2017-11-17,2017,11,17,51148800,42095462.4,,,
2017-11-18,2017,11,18,46828800,37275724.8,,,
2017-11-19,2017,11,19,56332800,45854899.2,,,
2017-11-20,2017,11,20,52617600,73664640,,,
2017-11-21,2017,11,21,51321600,49012128,,,
2017-11-22,2017,11,22,42163200,32170521.6,,,
2017-11-23,2017,11,23,50630400,67338432,,,
2017-11-24,2017,11,24,64800000,53913600,,,
2017-11-25,2017,11,25,59011200,128054304,,,
2017-11-26,2017,11,26,59702400,136718496,,,
2017-11-27,2017,11,27,66787200,142256736,,,
2017-11-28,2017,11,28,65923200,131846400,,,
2017-11-29,2017,11,29,66787200,118881216,,,
2017-11-30,2017,11,30,63331200,157694688,,,
2017-12-1,2017,12,1,67651200,161009856,,,
2017-12-2,2017,12,2,67651200,156274272,,,
2017-12-3,2017,12,3,64022400,140209056,,,
2017-12-4,2017,12,4,68428800,138226176,,,
2017-12-5,2017,12,5,71366400,184838976,,,
2017-12-6,2017,12,6,77155200,269271648,,,
2017-12-7,2017,12,7,78710400,225898848,,,
2017-12-8,2017,12,8,78710400,256595904,,,
2017-12-9,2017,12,9,80265600,310627872,,,
2017-12-10,2017,12,10,74131200,103042368,,,
2017-12-11,2017,12,11,38188800,37768723.2,,,
2017-12-12,2017,12,12,43372800,53782272,,,
2017-12-13,2017,12,13,53222400,51466060.8,,,
2017-12-14,2017,12,14,36547200,33513782.4,,,
2017-12-15,2017,12,15,49334400,51307776,,,
2017-12-16,2017,12,16,45792000,49455360,,,
2017-12-17,2017,12,17,52012800,52532928,,,
2017-12-18,2017,12,18,49334400,31870022.4,,,
2017-12-19,2017,12,19,44928000,39401856,,,
2017-12-20,2017,12,20,49248000,51710400,,,
2017-12-21,2017,12,21,40867200,35758800,,,
2017-12-22,2017,12,22,38707200,31004467.2,,,
2017-12-23,2017,12,23,32313600,25721625.6,,,
2017-12-24,2017,12,24,38016000,25736832,,,
2017-12-25,2017,12,25,36115200,27339206.4,,,
2017-12-26,2017,12,26,31190400,22768992,,,
2017-12-27,2017,12,27,28598400,18159984,,,
2017-12-28,2017,12,28,28598400,19361116.8,,,
2017-12-29,2017,12,29,28080000,17493840,,,
2017-12-30,2017,12,30,28944000,19421424,,,
2017-12-31,2017,12,31,30024000,22037616,,,
2018-1-1,2018,1,1,29678400,18801266.4,,,
2018-1-2,2018,1,2,30153600,19328457.6,,,
2018-1-3,2018,1,3,28252800,18194803.2,,,
2018-1-4,2018,1,4,29548800,23284454.4,,,
2018-1-5,2018,1,5,31017600,21154003.2,,,
2018-1-6,2018,1,6,31622400,22325414.4,,,
2018-1-7,2018,1,7,32745600,38967264,,,
2018-1-8,2018,1,8,31536000,30716064,,,
2018-1-9,2018,1,9,32745600,22365244.8,,,
2018-1-10,2018,1,10,30758400,32296320,,,
2018-1-11,2018,1,11,29980800,21136464,,,
2018-1-12,2018,1,12,30412800,31021056,,,
2018-1-13,2018,1,13,31968000,26725248,,,
2018-1-14,2018,1,14,32745600,28030233.6,,,
2018-1-15,2018,1,15,34819200,33635347.2,,,
2018-1-16,2018,1,16,36547200,31247856,,,
2018-1-17,2018,1,17,38707200,30772224,,,
2018-1-18,2018,1,18,37411200,36363686.4,,,
2018-1-19,2018,1,19,41040000,38085120,,,
2018-1-20,2018,1,20,37843200,41249088,,,
2018-1-21,2018,1,21,38275200,24496128,,,
2018-1-22,2018,1,22,39139200,36712569.6,,,
2018-1-23,2018,1,23,35683200,27297648,,,
2018-1-24,2018,1,24,41904000,50703840,,,
2018-1-25,2018,1,25,39657600,35612524.8,,,
2018-1-26,2018,1,26,39657600,37079856,,,
2018-1-27,2018,1,27,40608000,36141120,,,
2018-1-28,2018,1,28,40089600,38686464,,,
2018-1-29,2018,1,29,40608000,31146336,,,
2018-1-30,2018,1,30,42508800,48034944,,,
2018-1-31,2018,1,31,41990400,48288960,,,
2018-2-1,2018,2,1,43459200,61712064,,,
2018-2-2,2018,2,2,38707200,52641792,,,
2018-2-3,2018,2,3,42940800,61834752,,,
2018-2-4,2018,2,4,48297600,78725088,,,
2018-2-5,2018,2,5,47260800,68528160,,,
2018-2-6,2018,2,6,51235200,84025728,,,
2018-2-7,2018,2,7,51667200,69750720,,,
2018-2-8,2018,2,8,51235200,88124544,,,
2018-2-9,2018,2,9,49766400,82612224,,,
2018-2-10,2018,2,10,39139200,55969056,,,
2018-2-11,2018,2,11,45014400,85527360,,,
2018-2-12,2018,2,12,45014400,99931968,,,
2018-2-13,2018,2,13,43113600,56909952,,,
2018-2-14,2018,2,14,40694400,66331872,,,
2018-2-15,2018,2,15,43113600,71137440,,,
2018-2-16,2018,2,16,38880000,60652800,,,
2018-2-17,2018,2,17,37411200,49008672,,,
2018-2-18,2018,2,18,47174400,80196480,,,
2018-2-19,2018,2,19,40521600,61998048,,,
2018-2-20,2018,2,20,38275200,49757760,,,
2018-2-21,2018,2,21,41472000,70087680,,,
2018-2-22,2018,2,22,41472000,61378560,,,
2018-2-23,2018,2,23,36979200,49552128,,,
2018-2-24,2018,2,24,34905600,44679168,,,
2018-2-25,2018,2,25,47606400,104258016,,,
2018-2-26,2018,2,26,48816000,101049120,,,
2018-2-27,2018,2,27,42854400,80994816,,,
2018-2-28,2018,2,28,49161600,86032800,,,
2018-3-1,2018,3,1,43804800,56508192,,,
2018-3-2,2018,3,2,46137600,55826496,,,
2018-3-3,2018,3,3,42768000,59447520,,,
2018-3-4,2018,3,4,44928000,95247360,,,
2018-3-5,2018,3,5,48643200,93394944,,,
2018-3-6,2018,3,6,50976000,119283840,,,
2018-3-7,2018,3,7,48643200,121121568,,,
2018-3-8,2018,3,8,45705600,100095264,,,
2018-3-9,2018,3,9,44928000,80421120,,,
2018-3-10,2018,3,10,45705600,85012416,,,
2018-3-11,2018,3,11,51494400,121526784,,,
2018-3-12,2018,3,12,52012800,160459488,,,
2018-3-13,2018,3,13,52531200,129752064,,,
2018-3-14,2018,3,14,51494400,110198016,,,
2018-3-15,2018,3,15,50976000,113676480,,,
2018-3-16,2018,3,16,54086400,142788096,,,
2018-3-17,2018,3,17,55123200,127334592,,,
2018-3-18,2018,3,18,57283200,120867552,,,
2018-3-19,2018,3,19,59529600,151800480,,,
2018-3-20,2018,3,20,60739200,181002816,,,
2018-3-21,2018,3,21,65404800,247230144,,,
2018-3-22,2018,3,22,72057600,286789248,,,
2018-3-23,2018,3,23,75168000,277369920,,,
2018-3-24,2018,3,24,78364800,332266752,,,
2018-3-25,2018,3,25,82684800,348929856,,,
2018-3-26,2018,3,26,83548800,338372640,,,
2018-3-27,2018,3,27,85276800,296763264,,,
2018-3-28,2018,3,28,83548800,264014208,,,
2018-3-29,2018,3,29,81820800,252008064,,,
2018-3-30,2018,3,30,81820800,242189568,,,
2018-3-31,2018,3,31,82684800,209192544,,,
2018-4-1,2018,4,1,83548800,264849696,,,
2018-4-2,2018,4,2,84412800,357910272,,,
2018-4-3,2018,4,3,84412800,307262592,,,
2018-4-4,2018,4,4,89856000,271365120,,,
2018-4-5,2018,4,5,98496000,417623040,,,
2018-4-6,2018,4,6,105408000,407928960,,,
2018-4-7,2018,4,7,104544000,442221120,,,
2018-4-8,2018,4,8,109728000,460857600,,,
2018-4-9,2018,4,9,108864000,388644480,,,
2018-4-10,2018,4,10,104544000,477766080,,,
2018-4-11,2018,4,11,104544000,358585920,,,
2018-4-12,2018,4,12,102816000,353687040,,,
2018-4-13,2018,4,13,100224000,270604800,,,
2018-4-14,2018,4,14,99360000,353721600,,,
2018-4-15,2018,4,15,100224000,288645120,,,
2018-4-16,2018,4,16,97632000,330972480,,,
2018-4-17,2018,4,17,94176000,253333440,,,
2018-4-18,2018,4,18,93312000,241678080,,,
2018-4-19,2018,4,19,90720000,220449600,,,
2018-4-20,2018,4,20,88992000,215360640,,,
2018-4-21,2018,4,21,80179200,161160192,,,
2018-4-22,2018,4,22,78278400,152642880,,,
2018-4-23,2018,4,23,85881600,177774912,,,
2018-4-24,2018,4,24,93312000,252875520,,,
2018-4-25,2018,4,25,102816000,336208320,,,
2018-4-26,2018,4,26,101952000,324207360,,,
2018-4-27,2018,4,27,102816000,229279680,,,
2018-4-28,2018,4,28,97632000,233340480,,,
2018-4-29,2018,4,29,91584000,191410560,,,
2018-4-30,2018,4,30,88992000,156625920,,,
2018-5-1,2018,5,1,93312000,181025280,,,
2018-5-2,2018,5,2,96768000,194503680,,,
2018-5-3,2018,5,3,97632000,213814080,,,
2018-5-4,2018,5,4,101088000,223404480,,,
2018-5-5,2018,5,5,101088000,223404480,,,
2018-5-6,2018,5,6,98064000,181908720,,,
2018-5-7,2018,5,7,96768000,259338240,,,
2018-5-8,2018,5,8,97632000,238222080,,,
2018-5-9,2018,5,9,101088000,240589440,,,
2018-5-10,2018,5,10,99360000,217598400,,,
2018-5-11,2018,5,11,99360000,229521600,,,
2018-5-12,2018,5,12,101088000,248676480,,,
2018-5-13,2018,5,13,103680000,278899200,,,
2018-5-14,2018,5,14,103680000,291340800,,,
2018-5-15,2018,5,15,104544000,291677760,,,
2018-5-16,2018,5,16,109728000,351129600,,,
2018-5-17,2018,5,17,114912000,290727360,,,
2018-5-18,2018,5,18,114912000,302218560,,,
2018-5-19,2018,5,19,117504000,354862080,,,
2018-5-20,2018,5,20,125280000,276868800,,,
2018-5-21,2018,5,21,128736000,346299840,,,
2018-5-22,2018,5,22,127872000,398960640,,,
2018-5-23,2018,5,23,115776000,412162560,,,
2018-5-24,2018,5,24,127008000,434367360,,,
2018-5-25,2018,5,25,135648000,363536640,,,
2018-5-26,2018,5,26,139104000,399228480,,,
2018-5-27,2018,5,27,140832000,460520640,,,
2018-5-28,2018,5,28,141696000,444925440,,,
2018-5-29,2018,5,29,146880000,472953600,,,
2018-5-30,2018,5,30,146880000,478828800,,,
2018-5-31,2018,5,31,151200000,412776000,,,
2018-6-1,2018,6,1,152064000,471398400,,,
2018-6-2,2018,6,2,143424000,400152960,,,
2018-6-3,2018,6,3,142560000,370656000,,,
2018-6-4,2018,6,4,140832000,453479040,,,
2018-6-5,2018,6,5,145152000,367234560,,,
2018-6-6,2018,6,6,142560000,372081600,,,
2018-6-7,2018,6,7,133920000,364262400,,,
2018-6-8,2018,6,8,129600000,361584000,,,
2018-6-9,2018,6,9,138240000,489369600,,,
2018-6-10,2018,6,10,140832000,392921280,,,
2018-6-11,2018,6,11,138240000,414720000,,,
2018-6-12,2018,6,12,142560000,406296000,,,
2018-6-13,2018,6,13,136512000,359026560,,,
2018-6-14,2018,6,14,134784000,324829440,,,
2018-6-15,2018,6,15,133920000,344174400,,,
2018-6-16,2018,6,16,134784000,338307840,,,
2018-6-17,2018,6,17,130464000,297457920,,,
2018-6-18,2018,6,18,128736000,315403200,,,
2018-6-19,2018,6,19,129600000,329184000,,,
2018-6-20,2018,6,20,132192000,331140960,,,
2018-6-21,2018,6,21,134784000,330220800,,,
2018-6-22,2018,6,22,130464000,332683200,,,
2018-6-23,2018,6,23,130464000,390087360,,,
2018-6-24,2018,6,24,134784000,345047040,,,
2018-6-25,2018,6,25,129600000,283824000,,,
2018-6-26,2018,6,26,133920000,342835200,,,
2018-6-27,2018,6,27,127872000,271088640,,,
2018-6-28,2018,6,28,127008000,289578240,,,
2018-6-29,2018,6,29,129600000,331776000,,,
2018-6-30,2018,6,30,131328000,286295040,,,
2018-7-1,2018,7,1,112320000,208915200,,,
2018-7-2,2018,7,2,99360000,172886400,,,
2018-7-3,2018,7,3,96768000,174182400,,,
2018-7-4,2018,7,4,110592000,222289920,,,
2018-7-5,2018,7,5,130464000,405090720,,,
2018-7-6,2018,7,6,248832000,1052144640,,,
2018-7-7,2018,7,7,251640000,905904000,,,
2018-7-8,2018,7,8,245088000,1148645760,,,
2018-7-9,2018,7,9,322560000,4542720000,,,
2018-7-10,2018,7,10,298656000,5694374400,,,
2018-7-11,2018,7,11,241632000,5783059200,,,
2018-7-12,2018,7,12,218592000,6062284800,,,
2018-7-13,2018,7,13,200016000,5360428800,,,
2018-7-14,2018,7,14,187488000,3974745600,,,
2018-7-15,2018,7,15,261792000,5078764800,,,
2018-7-16,2018,7,16,251424000,5305046400,,,
2018-7-17,2018,7,17,252864000,8791238400,,,
2018-7-18,2018,7,18,288576000,12913776000,,,
2018-7-19,2018,7,19,304992000,13795804800,,,
2018-7-20,2018,7,20,302832000,10599120000,,,
2018-7-21,2018,7,21,315792000,7294795200,,,
2018-7-22,2018,7,22,309744000,7217035200,,,
2018-7-23,2018,7,23,290304000,6372172800,,,
2018-7-24,2018,7,24,240192000,5980780800,,,
2018-7-25,2018,7,25,199152000,4361428800,,,
2018-7-26,2018,7,26,192672000,3872707200,,,
2018-7-27,2018,7,27,165024000,2978683200,,,
2018-7-28,2018,7,28,134784000,1994803200,,,
2018-7-29,2018,7,29,111456000,1129606560,,,
2018-7-30,2018,7,30,98496000,805204800,,,
2018-7-31,2018,7,31,93312000,857537280,,,
2018-8-1,2018,8,1,84931200,597915648,,,
2018-8-2,2018,8,2,78019200,504784224,,,
2018-8-3,2018,8,3,78796800,316763136,,,
2018-8-4,2018,8,4,84844800,262170432,,,
2018-8-5,2018,8,5,110160000,504532800,,,
2018-8-6,2018,8,6,114912000,661893120,,,
2018-8-7,2018,8,7,143424000,988191360,,,
2018-8-8,2018,8,8,156384000,1263582720,,,
2018-8-9,2018,8,9,156384000,1029006720,,,
2018-8-10,2018,8,10,154656000,934122240,,,
2018-8-11,2018,8,11,127872000,673885440,,,
2018-8-12,2018,8,12,148608000,1023909120,,,
2018-8-13,2018,8,13,139104000,723340800,,,
2018-8-14,2018,8,14,170208000,1091033280,,,
2018-8-15,2018,8,15,214272000,1842739200,,,
2018-8-16,2018,8,16,101520000,883731600,,,
2018-8-17,2018,8,17,110592000,653598720,,,
2018-8-18,2018,8,18,108000000,491400000,,,
2018-8-19,2018,8,19,126144000,1614643200,,,
2018-8-20,2018,8,20,120960000,2655072000,,,
2018-8-21,2018,8,21,107136000,2931955200,,,
2018-8-22,2018,8,22,103680000,2706048000,,,
2018-8-23,2018,8,23,103248000,2446977600,,,
2018-8-24,2018,8,24,181008000,5294484000,,,
2018-8-25,2018,8,25,231552000,7826457600,,,
2018-8-26,2018,8,26,226800000,3549420000,,,
2018-8-27,2018,8,27,229392000,3486758400,,,
2018-8-28,2018,8,28,228960000,3541248000,,,
2018-8-29,2018,8,29,229824000,3286483200,,,
2018-8-30,2018,8,30,208224000,2717323200,,,
2018-8-31,2018,8,31,173664000,1997136000,,,
2018-9-1,2018,9,1,141264000,1469145600,,,
2018-9-2,2018,9,2,120096000,1197357120,,,
2018-9-3,2018,9,3,88992000,735073920,,,
2018-9-4,2018,9,4,110592000,753131520,,,
2018-9-5,2018,9,5,99360000,521640000,,,
2018-9-6,2018,9,6,117504000,970583040,,,
2018-9-7,2018,9,7,108864000,648829440,,,
2018-9-8,2018,9,8,119232000,574698240,,,
2018-9-9,2018,9,9,116640000,587865600,,,
2018-9-10,2018,9,10,113184000,546678720,,,
2018-9-11,2018,9,11,110592000,450109440,,,
2018-9-12,2018,9,12,110592000,409190400,,,
2018-9-13,2018,9,13,110592000,364953600,,,
2018-9-14,2018,9,14,113184000,539887680,,,
2018-9-15,2018,9,15,118368000,420206400,,,
2018-9-16,2018,9,16,124416000,477757440,,,
2018-9-17,2018,9,17,192672000,1697440320,,,
2018-9-18,2018,9,18,228096000,2203407360,,,
2018-9-19,2018,9,19,241920000,1560384000,,,
2018-9-20,2018,9,20,246240000,1558699200,,,
2018-9-21,2018,9,21,247968000,1785369600,,,
2018-9-22,2018,9,22,250560000,1763942400,,,
2018-9-23,2018,9,23,239328000,1696835520,,,
2018-9-24,2018,9,24,233280000,1541980800,,,
2018-9-25,2018,9,25,253152000,1549290240,,,
2018-9-26,2018,9,26,278208000,1833390720,,,
2018-9-27,2018,9,27,273888000,1306445760,,,
2018-9-28,2018,9,28,268704000,1612224000,,,
2018-9-29,2018,9,29,271296000,1706451840,,,
2018-9-30,2018,9,30,275616000,1645427520,,,
2018-10-1,2018,10,1,289440000,1982664000,,,
2018-10-2,2018,10,2,295488000,1832025600,,,
2018-10-3,2018,10,3,296352000,1769221440,,,
2018-10-4,2018,10,4,287712000,1993844160,,,
2018-10-5,2018,10,5,255744000,1958999040,,,
2018-10-6,2018,10,6,248832000,2070282240,,,
2018-10-7,2018,10,7,232416000,1499083200,,,
2018-10-8,2018,10,8,180576000,1197218880,,,
2018-10-9,2018,10,9,163296000,880165440,,,
2018-10-10,2018,10,10,150336000,889989120,,,
2018-10-11,2018,10,11,166320000,1031184000,,,
2018-10-12,2018,10,12,168480000,879465600,,,
2018-10-13,2018,10,13,144288000,581480640,,,
2018-10-14,2018,10,14,121824000,510442560,,,
2018-10-15,2018,10,15,114912000,471139200,,,
2018-10-16,2018,10,16,102816000,319757760,,,
2018-10-17,2018,10,17,110592000,377671680,,,
2018-10-18,2018,10,18,128736000,678438720,,,
2018-10-19,2018,10,19,126144000,512144640,,,
2018-10-20,2018,10,20,129600000,425088000,,,
2018-10-21,2018,10,21,113184000,312387840,,,
2018-10-22,2018,10,22,103680000,263347200,,,
2018-10-23,2018,10,23,113184000,265982400,,,
2018-10-24,2018,10,24,126144000,402399360,,,
2018-10-25,2018,10,25,109728000,295168320,,,
2018-10-26,2018,10,26,114048000,309070080,,,
2018-10-27,2018,10,27,102816000,282744000,,,
2018-10-28,2018,10,28,98496000,250179840,,,
2018-10-29,2018,10,29,89856000,244408320,,,
2018-10-30,2018,10,30,92448000,308776320,,,
2018-10-31,2018,10,31,91584000,234455040,,,
2018-11-1,2018,11,1,90720000,230428800,,,
2018-11-2,2018,11,2,92448000,257005440,,,
2018-11-3,2018,11,3,91584000,245445120,,,
2018-11-4,2018,11,4,77155200,184400928,,,
2018-11-5,2018,11,5,72576000,156038400,,,
2018-11-6,2018,11,6,68947200,144789120,,,
2018-11-7,2018,11,7,68947200,143410176,,,
2018-11-8,2018,11,8,68947200,134447040,,,
2018-11-9,2018,11,9,64713600,112601664,,,
2018-11-10,2018,11,10,59961600,103133952,,,
2018-11-11,2018,11,11,57110400,115363008,,,
2018-11-12,2018,11,12,54950400,96712704,,,
2018-11-13,2018,11,13,53596800,93794400,,,
2018-11-14,2018,11,14,52272000,83635200,,,
2018-11-15,2018,11,15,52963200,98511552,,,
2018-11-16,2018,11,16,66355200,120102912,,,
2018-11-17,2018,11,17,56419200,80115264,,,
2018-11-18,2018,11,18,59961600,69555456,,,
2018-11-19,2018,11,19,59184000,89367840,,,
2018-11-20,2018,11,20,58492800,83644704,,,
2018-11-21,2018,11,21,50889600,75825504,,,
2018-11-22,2018,11,22,50284800,86489856,,,
2018-11-23,2018,11,23,59184000,89959680,,,
2018-11-24,2018,11,24,39744000,44115840,,,
2018-11-25,2018,11,25,37411200,36662976,,,
2018-11-26,2018,11,26,35683200,34220188.8,,,
2018-11-27,2018,11,27,32227200,30551385.6,,,
2018-11-28,2018,11,28,34473600,44126208,,,
2018-11-29,2018,11,29,38620800,52910496,,,
2018-11-30,2018,11,30,46569600,63800352,,,
2018-12-1,2018,12,1,44236800,47775744,,,
2018-12-2,2018,12,2,48384000,47900160,,,
2018-12-3,2018,12,3,42595200,37739347.2,,,
2018-12-4,2018,12,4,49680000,71539200,,,
2018-12-5,2018,12,5,50889600,58014144,,,
2018-12-6,2018,12,6,47779200,66890880,,,
2018-12-7,2018,12,7,52963200,71500320,,,
2018-12-8,2018,12,8,54950400,66489984,,,
2018-12-9,2018,12,9,52272000,52794720,,,
2018-12-10,2018,12,10,53568000,56782080,,,
2018-12-11,2018,12,11,39744000,34060608,,,
2018-12-12,2018,12,12,36288000,31425408,,,
2018-12-13,2018,12,13,34992000,32087664,,,
2018-12-14,2018,12,14,33868800,23775897.6,,,
2018-12-15,2018,12,15,40953600,32517158.4,,,
2018-12-16,2018,12,16,32745600,24395472,,,
2018-12-17,2018,12,17,32745600,19352649.6,,,
2018-12-18,2018,12,18,32227200,13986604.8,,,
2018-12-19,2018,12,19,32227200,21205497.6,,,
2018-12-20,2018,12,20,33350400,25746508.8,,,
2018-12-21,2018,12,21,32140800,25519795.2,,,
2018-12-22,2018,12,22,31622400,18499104,,,
2018-12-23,2018,12,23,29289600,17603049.6,,,
2018-12-24,2018,12,24,35251200,28165708.8,,,
2018-12-25,2018,12,25,33177600,29395353.6,,,
2018-12-26,2018,12,26,30585600,24774336,,,
2018-12-27,2018,12,27,35251200,32078592,,,
2018-12-28,2018,12,28,30153600,21801052.8,,,
2018-12-29,2018,12,29,34214400,31169318.4,,,
2018-12-30,2018,12,30,35251200,29575756.8,,,
2018-12-31,2018,12,31,33955200,27435801.6,,,
2019-1-1,2019,1,1,33696000,30539808,,,
2019-1-2,2019,1,2,31968000,28483488,,,
2019-1-3,2019,1,3,30931200,25765689.6,,,
2019-1-4,2019,1,4,30499200,20830953.6,,,
2019-1-5,2019,1,5,28425600,19300982.4,,,
2019-1-6,2019,1,6,30499200,24643353.6,,,
2019-1-7,2019,1,7,29980800,21826022.4,,,
2019-1-8,2019,1,8,28857600,20921760,,,
2019-1-9,2019,1,9,27648000,19408896,,,
2019-1-10,2019,1,10,27648000,20017152,,,
2019-1-11,2019,1,11,27648000,22864896,,,
2019-1-12,2019,1,12,26611200,22859020.8,,,
2019-1-13,2019,1,13,28771200,24599376,,,
2019-1-14,2019,1,14,29116800,26641872,,,
2019-1-15,2019,1,15,29980800,24674198.4,,,
2019-1-16,2019,1,16,28771200,23707468.8,,,
2019-1-17,2019,1,17,29116800,26059536,,,
2019-1-18,2019,1,18,28425600,21660307.2,,,
2019-1-19,2019,1,19,29116800,31446144,,,
2019-1-20,2019,1,20,29980800,22905331.2,,,
2019-1-21,2019,1,21,30412800,25942118.4,,,
2019-1-22,2019,1,22,29980800,28571702.4,,,
2019-1-23,2019,1,23,30412800,26215833.6,,,
2019-1-24,2019,1,24,28166400,26053920,,,
2019-1-25,2019,1,25,26784000,26221536,,,
2019-1-26,2019,1,26,26784000,19659456,,,
2019-1-27,2019,1,27,26524800,24774163.2,,,
2019-1-28,2019,1,28,25833600,20796048,,,
2019-1-29,2019,1,29,25574400,23451724.8,,,
2019-1-30,2019,1,30,25833600,21235219.2,,,
2019-1-31,2019,1,31,32486400,51978240,,,
2019-2-1,2019,2,1,57369600,94086144,,,
2019-2-2,2019,2,2,59961600,142708608,,,
2019-2-3,2019,2,3,57369600,112444416,,,
2019-2-4,2019,2,4,54864000,93268800,,,
2019-2-5,2019,2,5,51580800,90266400,,,
2019-2-6,2019,2,6,49939200,54433728,,,
2019-2-7,2019,2,7,64281600,80994816,,,
2019-2-8,2019,2,8,48556800,65066112,,,
2019-2-9,2019,2,9,55728000,56842560,,,
2019-2-10,2019,2,10,57974400,80004672,,,
2019-2-11,2019,2,11,68860800,119817792,,,
2019-2-12,2019,2,12,64627200,144764928,,,
2019-2-13,2019,2,13,60566400,133246080,,,
2019-2-14,2019,2,14,74736000,174134880,,,
2019-2-15,2019,2,15,59788800,112402944,,,
2019-2-16,2019,2,16,61344000,134343360,,,
2019-2-17,2019,2,17,62121600,172698048,,,
2019-2-18,2019,2,18,77716800,263459952,,,
2019-2-19,2019,2,19,105408000,348900480,,,
2019-2-20,2019,2,20,88128000,339292800,,,
2019-2-21,2019,2,21,88128000,305804160,,,
2019-2-22,2019,2,22,85190400,311796864,,,
2019-2-23,2019,2,23,67305600,211339584,,,
2019-2-24,2019,2,24,61171200,179843328,,,
2019-2-25,2019,2,25,50803200,118371456,,,
2019-2-26,2019,2,26,50803200,88905600,,,
2019-2-27,2019,2,27,57110400,78812352,,,
2019-2-28,2019,2,28,48988800,58786560,,,
2019-3-1,2019,3,1,44668800,66109824,,,
2019-3-2,2019,3,2,65145600,117262080,,,
2019-3-3,2019,3,3,64281600,130491648,,,
2019-3-4,2019,3,4,81561600,233266176,,,
2019-3-5,2019,3,5,83030400,276491232,,,
2019-3-6,2019,3,6,78105600,223382016,,,
2019-3-7,2019,3,7,77241600,180745344,,,
2019-3-8,2019,3,8,74649600,155271168,,,
2019-3-9,2019,3,9,72144000,145730880,,,
2019-3-10,2019,3,10,75513600,164619648,,,
2019-3-11,2019,3,11,88992000,245617920,,,
2019-3-12,2019,3,12,89856000,275857920,,,
2019-3-13,2019,3,13,87264000,274008960,,,
2019-3-14,2019,3,14,87264000,263537280,,,
2019-3-15,2019,3,15,88992000,295453440,,,
2019-3-16,2019,3,16,88128000,319023360,,,
2019-3-17,2019,3,17,87264000,250447680,,,
2019-3-18,2019,3,18,84499200,241667712,,,
2019-3-19,2019,3,19,83721600,226048320,,,
2019-3-20,2019,3,20,85190400,226606464,,,
2019-3-21,2019,3,21,84499200,253497600,,,
2019-3-22,2019,3,22,88992000,275875200,,,
2019-3-23,2019,3,23,88992000,299903040,,,
2019-3-24,2019,3,24,95040000,428630400,,,
2019-3-25,2019,3,25,97632000,468633600,,,
2019-3-26,2019,3,26,101952000,476115840,,,
2019-3-27,2019,3,27,97632000,468633600,,,
2019-3-28,2019,3,28,99360000,456062400,,,
2019-3-29,2019,3,29,99360000,426254400,,,
2019-3-30,2019,3,30,101088000,390199680,,,
2019-3-31,2019,3,31,101088000,352797120,,,
2019-4-1,2019,4,1,102816000,345461760,,,
2019-4-2,2019,4,2,103680000,356659200,,,
2019-4-3,2019,4,3,104544000,400403520,,,
2019-4-4,2019,4,4,101952000,409847040,,,
2019-4-5,2019,4,5,104544000,468357120,,,
2019-4-6,2019,4,6,102816000,406123200,,,
2019-4-7,2019,4,7,96768000,344494080,,,
2019-4-8,2019,4,8,96768000,329011200,,,
2019-4-9,2019,4,9,96768000,324172800,,,
2019-4-10,2019,4,10,101952000,378241920,,,
2019-4-11,2019,4,11,101952000,346636800,,,
2019-4-12,2019,4,12,100224000,331741440,,,
2019-4-13,2019,4,13,100224000,307687680,,,
2019-4-14,2019,4,14,101952000,348675840,,,
2019-4-15,2019,4,15,101088000,303264000,,,
2019-4-16,2019,4,16,99360000,298080000,,,
2019-4-17,2019,4,17,97632000,264094560,,,
2019-4-18,2019,4,18,95040000,292723200,,,
2019-4-19,2019,4,19,94176000,279702720,,,
2019-4-20,2019,4,20,95904000,292507200,,,
2019-4-21,2019,4,21,95904000,296343360,,,
2019-4-22,2019,4,22,95040000,251856000,,,
2019-4-23,2019,4,23,96768000,237081600,,,
2019-4-24,2019,4,24,104544000,321995520,,,
2019-4-25,2019,4,25,104544000,406676160,,,
2019-4-26,2019,4,26,102816000,405095040,,,
2019-4-27,2019,4,27,108000000,332640000,,,
2019-4-28,2019,4,28,99360000,338817600,,,
2019-4-29,2019,4,29,101952000,351734400,,,
2019-4-30,2019,4,30,99360000,315964800,,,
2019-5-1,2019,5,1,95040000,265161600,,,
2019-5-2,2019,5,2,96768000,294174720,,,
2019-5-3,2019,5,3,94176000,245799360,,,
2019-5-4,2019,5,4,98496000,318142080,,,
2019-5-5,2019,5,5,99360000,291124800,,,
2019-5-6,2019,5,6,101952000,318090240,,,
2019-5-7,2019,5,7,105408000,318332160,,,
2019-5-8,2019,5,8,103680000,329702400,,,
2019-5-9,2019,5,9,105408000,328872960,,,
2019-5-10,2019,5,10,97632000,300706560,,,
2019-5-11,2019,5,11,95040000,317433600,,,
2019-5-12,2019,5,12,102816000,330039360,,,
2019-5-13,2019,5,13,104544000,366949440,,,
2019-5-14,2019,5,14,108000000,411480000,,,
2019-5-15,2019,5,15,108000000,370440000,,,
2019-5-16,2019,5,16,108864000,325503360,,,
2019-5-17,2019,5,17,104544000,325131840,,,
2019-5-18,2019,5,18,106704000,391070160,,,
2019-5-19,2019,5,19,107136000,401760000,,,
2019-5-20,2019,5,20,108000000,374760000,,,
2019-5-21,2019,5,21,102816000,336208320,,,
2019-5-22,2019,5,22,100224000,305683200,,,
2019-5-23,2019,5,23,99360000,343785600,,,
2019-5-24,2019,5,24,97632000,317304000,,,
2019-5-25,2019,5,25,98496000,308292480,,,
2019-5-26,2019,5,26,112320000,426816000,,,
2019-5-27,2019,5,27,121824000,510442560,,,
2019-5-28,2019,5,28,120096000,499599360,,,
2019-5-29,2019,5,29,118368000,443880000,,,
2019-5-30,2019,5,30,112320000,372902400,,,
2019-5-31,2019,5,31,114048000,386622720,,,
2019-6-1,2019,6,1,111456000,414616320,,,
2019-6-2,2019,6,2,109728000,339059520,,,
2019-6-3,2019,6,3,104544000,364858560,,,
2019-6-4,2019,6,4,108000000,378000000,,,
2019-6-5,2019,6,5,108864000,361428480,,,
2019-6-6,2019,6,6,104544000,371131200,,,
2019-6-7,2019,6,7,110592000,359424000,,,
2019-6-8,2019,6,8,107136000,321408000,,,
2019-6-9,2019,6,9,85708800,186845184,,,
2019-6-10,2019,6,10,101088000,253730880,,,
2019-6-11,2019,6,11,116640000,391910400,,,
2019-6-12,2019,6,12,103680000,310003200,,,
2019-6-13,2019,6,13,108000000,293760000,,,
2019-6-14,2019,6,14,103248000,242632800,,,
2019-6-15,2019,6,15,98496000,240330240,,,
2019-6-16,2019,6,16,104544000,271814400,,,
2019-6-17,2019,6,17,97632000,252866880,,,
2019-6-18,2019,6,18,103680000,252979200,,,
2019-6-19,2019,6,19,101088000,271926720,,,
2019-6-20,2019,6,20,103680000,265420800,,,
2019-6-21,2019,6,21,101952000,272211840,,,
2019-6-22,2019,6,22,108000000,261360000,,,
2019-6-23,2019,6,23,124416000,548674560,,,
2019-6-24,2019,6,24,225504000,2011495680,,,
2019-6-25,2019,6,25,291168000,2110968000,,,
2019-6-26,2019,6,26,298512000,1686592800,,,
2019-6-27,2019,6,27,294624000,1767744000,,,
2019-6-28,2019,6,28,292032000,1588654080,,,
2019-6-29,2019,6,29,304992000,1732354560,,,
2019-6-30,2019,6,30,309312000,1648632960,,,
2019-7-1,2019,7,1,309312000,1580584320,,,
2019-7-2,2019,7,2,302400000,1478736000,,,
2019-7-3,2019,7,3,304992000,1576808640,,,
2019-7-4,2019,7,4,290304000,1445713920,,,
2019-7-5,2019,7,5,282528000,1768625280,,,
2019-7-6,2019,7,6,274752000,1895788800,,,
2019-7-7,2019,7,7,272160000,1809864000,,,
2019-7-8,2019,7,8,272160000,1551312000,,,
2019-7-9,2019,7,9,290304000,1680860160,,,
2019-7-10,2019,7,10,297216000,2092400640,,,
2019-7-11,2019,7,11,321408000,2121292800,,,
2019-7-12,2019,7,12,296352000,2634569280,,,
2019-7-13,2019,7,13,260640000,4135488000,,,
2019-7-14,2019,7,14,221184000,4025548800,,,
2019-7-15,2019,7,15,217728000,4093286400,,,
2019-7-16,2019,7,16,206496000,4315766400,,,
2019-7-17,2019,7,17,184896000,3864326400,,,
2019-7-18,2019,7,18,196128000,5628873600,,,
2019-7-19,2019,7,19,232761600,5935420800,,,
2019-7-20,2019,7,20,238464000,5770828800,,,
2019-7-21,2019,7,21,240192000,4035225600,,,
2019-7-22,2019,7,22,239760000,5394600000,,,
2019-7-23,2019,7,23,200448000,4850841600,,,
2019-7-24,2019,7,24,200448000,4790707200,,,
2019-7-25,2019,7,25,235872000,5684515200,,,
2019-7-26,2019,7,26,233280000,4712256000,,,
2019-7-27,2019,7,27,254016000,5283532800,,,
2019-7-28,2019,7,28,280800000,6767280000,,,
2019-7-29,2019,7,29,246240000,5171040000,,,
2019-7-30,2019,7,30,206496000,4542912000,,,
2019-7-31,2019,7,31,201312000,4046371200,,,
2019-8-1,2019,8,1,232704000,4467916800,,,
2019-8-2,2019,8,2,234144000,4097520000,,,
2019-8-3,2019,8,3,219456000,3555187200,,,
2019-8-4,2019,8,4,129888000,1580304000,,,
2019-8-5,2019,8,5,127008000,1397088000,,,
2019-8-6,2019,8,6,126144000,1362355200,,,
2019-8-7,2019,8,7,164160000,2610144000,,,
2019-8-8,2019,8,8,286848000,6167232000,,,
2019-8-9,2019,8,9,346464000,6201705600,,,
2019-8-10,2019,8,10,355968000,7048166400,,,
2019-8-11,2019,8,11,339264000,7034073600,,,
2019-8-12,2019,8,12,131328000,2534630400,,,
2019-8-13,2019,8,13,87264000,1239148800,,,
2019-8-14,2019,8,14,74390400,758782080,,,
2019-8-15,2019,8,15,51840000,368064000,,,
2019-8-16,2019,8,16,40176000,290070720,,,
2019-8-17,2019,8,17,38102400,250713792,,,
2019-8-18,2019,8,18,36720000,153122400,,,
2019-8-19,2019,8,19,44582400,113685120,,,
2019-8-20,2019,8,20,43372800,70263936,,,
2019-8-21,2019,8,21,41299200,47494080,,,
2019-8-22,2019,8,22,38707200,41803776,,,
2019-8-23,2019,8,23,37929600,34478006.4,,,
2019-8-24,2019,8,24,39657600,43623360,,,
2019-8-25,2019,8,25,39657600,47985696,,,
2019-8-26,2019,8,26,35683200,37110528,,,
2019-8-27,2019,8,27,41558400,56935008,,,
2019-8-28,2019,8,28,40089600,44098560,,,
2019-8-29,2019,8,29,40608000,47105280,,,
2019-8-30,2019,8,30,39139200,43894656,,,
2019-8-31,2019,8,31,37670400,40684032,,,
2019-9-1,2019,9,1,48556800,76557888,,,
2019-9-2,2019,9,2,48556800,83032128,,,
2019-9-3,2019,9,3,69811200,200358144,,,
2019-9-4,2019,9,4,94176000,508550400,,,
2019-9-5,2019,9,5,114048000,745873920,,,
2019-9-6,2019,9,6,95904000,1323475200,,,
2019-9-7,2019,9,7,91584000,2115590400,,,
2019-9-8,2019,9,8,84672000,1147305600,,,
2019-9-9,2019,9,9,83203200,581590368,,,
2019-9-10,2019,9,10,88128000,440640000,,,
2019-9-11,2019,9,11,105408000,594501120,,,
2019-9-12,2019,9,12,114048000,716221440,,,
2019-9-13,2019,9,13,106272000,674827200,,,
2019-9-14,2019,9,14,108864000,740275200,,,
2019-9-15,2019,9,15,102816000,808133760,,,
2019-9-16,2019,9,16,206496000,4666809600,,,
2019-9-17,2019,9,17,242784000,3738873600,,,
2019-9-18,2019,9,18,290304000,4151347200,,,
2019-9-19,2019,9,19,334368000,5182704000,,,
2019-9-20,2019,9,20,325728000,4104172800,,,
2019-9-21,2019,9,21,322272000,4189536000,,,
2019-9-22,2019,9,22,325728000,3745872000,,,
2019-9-23,2019,9,23,332640000,3875256000,,,
2019-9-24,2019,9,24,297216000,2891911680,,,
2019-9-25,2019,9,25,203904000,2467238400,,,
2019-9-26,2019,9,26,153792000,1385665920,,,
2019-9-27,2019,9,27,124416000,892062720,,,
2019-9-28,2019,9,28,181440000,2013984000,,,
2019-9-29,2019,9,29,175392000,1318947840,,,
2019-9-30,2019,9,30,175392000,1390858560,,,
2019-10-1,2019,10,1,161568000,1341014400,,,
2019-10-2,2019,10,2,130464000,909334080,,,
2019-10-3,2019,10,3,122688000,661288320,,,
2019-10-4,2019,10,4,120096000,774619200,,,
2019-10-5,2019,10,5,123552000,796910400,,,
2019-10-6,2019,10,6,132192000,935919360,,,
2019-10-7,2019,10,7,138240000,1114214400,,,
2019-10-8,2019,10,8,138240000,890265600,,,
2019-10-9,2019,10,9,135648000,866790720,,,
2019-10-10,2019,10,10,128736000,787864320,,,
2019-10-11,2019,10,11,146016000,1331665920,,,
2019-10-12,2019,10,12,163296000,1548046080,,,
2019-10-13,2019,10,13,155520000,1227052800,,,
2019-10-14,2019,10,14,152928000,925214400,,,
2019-10-15,2019,10,15,152928000,873218880,,,
2019-10-16,2019,10,16,167616000,1371098880,,,
2019-10-17,2019,10,17,171936000,1237079520,,,
2019-10-18,2019,10,18,161568000,1087352640,,,
2019-10-19,2019,10,19,158112000,882264960,,,
2019-10-20,2019,10,20,149472000,938684160,,,
2019-10-21,2019,10,21,128736000,736369920,,,
2019-10-22,2019,10,22,113760000,618475200,,,
2019-10-23,2019,10,23,86140800,372989664,,,
2019-10-24,2019,10,24,73180800,248814720,,,
2019-10-25,2019,10,25,70588800,210354624,,,
2019-10-26,2019,10,26,68083200,192675456,,,
2019-10-27,2019,10,27,64886400,170002368,,,
2019-10-28,2019,10,28,67219200,154604160,,,
2019-10-29,2019,10,29,65836800,184343040,,,
2019-10-30,2019,10,30,63244800,149257728,,,
2019-10-31,2019,10,31,63244800,135343872,,,
2019-11-1,2019,11,1,62812800,144469440,,,
2019-11-2,2019,11,2,61171200,155986560,,,
2019-11-3,2019,11,3,60480000,139708800,,,
2019-11-4,2019,11,4,59011200,116252064,,,
2019-11-5,2019,11,5,57542400,157090752,,,
2019-11-6,2019,11,6,58320000,157464000,,,
2019-11-7,2019,11,7,57542400,130045824,,,
2019-11-8,2019,11,8,56851200,146107584,,,
2019-11-9,2019,11,9,56505600,139568832,,,
2019-11-10,2019,11,10,56160000,144892800,,,
2019-11-11,2019,11,11,56678400,120724992,,,
2019-11-12,2019,11,12,56505600,140133888,,,
2019-11-13,2019,11,13,57196800,148139712,,,
2019-11-14,2019,11,14,56851200,122230080,,,
2019-11-15,2019,11,15,49766400,182642688,,,
2019-11-16,2019,11,16,44668800,94697856,,,
2019-11-17,2019,11,17,45619200,82114560,,,
2019-11-18,2019,11,18,42163200,66617856,,,
2019-11-19,2019,11,19,43718400,76507200,,,
2019-11-20,2019,11,20,36374400,56744064,,,
2019-11-21,2019,11,21,40435200,61865856,,,
2019-11-22,2019,11,22,35337600,46645632,,,
2019-11-23,2019,11,23,36028800,47197728,,,
2019-11-24,2019,11,24,34992000,46539360,,,
2019-11-25,2019,11,25,45446400,83621376,,,
2019-11-26,2019,11,26,32918400,43781472,,,
2019-11-27,2019,11,27,35769600,35161516.8,,,
2019-11-28,2019,11,28,38275200,45547488,,,
2019-11-29,2019,11,29,36201600,36201600,,,
2019-11-30,2019,11,30,37411200,52001568,,,
2019-12-1,2019,12,1,34819200,44568576,,,
2019-12-2,2019,12,2,36201600,45614016,,,
2019-12-3,2019,12,3,34819200,59192640,,,
2019-12-4,2019,12,4,35251200,47589120,,,
2019-12-5,2019,12,5,40176000,44193600,,,
2019-12-6,2019,12,6,42595200,68365296,,,
2019-12-7,2019,12,7,37843200,57521664,,,
2019-12-8,2019,12,8,35251200,51114240,,,
2019-12-9,2019,12,9,33609600,43692480,,,
2019-12-10,2019,12,10,34041600,45615744,,,
2019-12-11,2019,12,11,32918400,45427392,,,
2019-12-12,2019,12,12,35337600,48059136,,,
2019-12-13,2019,12,13,35683200,47815488,,,
2019-12-14,2019,12,14,38188800,50409216,,,
2019-12-15,2019,12,15,37065600,61158240,,,
2019-12-16,2019,12,16,35683200,47815488,,,
2019-12-17,2019,12,17,36374400,50196672,,,
2019-12-18,2019,12,18,39398400,48854016,,,
2019-12-19,2019,12,19,39398400,59097600,,,
2019-12-20,2019,12,20,34905600,41886720,,,
2019-12-21,2019,12,21,34905600,49915008,,,
2019-12-22,2019,12,22,31968000,35804160,,,
2019-12-23,2019,12,23,29980800,33578496,,,
2019-12-24,2019,12,24,33782400,29593382.4,,,
2019-12-25,2019,12,25,34214400,35925120,,,
2019-12-26,2019,12,26,31536000,25891056,,,
2019-12-27,2019,12,27,34214400,37977984,,,
2019-12-28,2019,12,28,50716800,80132544,,,
2019-12-29,2019,12,29,38188800,70649280,,,
2019-12-30,2019,12,30,39744000,67564800,,,
2019-12-31,2019,12,31,45144000,83967840,,,
2020-1-1,2020,1,1,43459200,71055792,,,
2020-1-2,2020,1,2,42336000,67737600,,,
2020-1-3,2020,1,3,36201600,52854336,,,
2020-1-4,2020,1,4,34300800,36873360,,,
2020-1-5,2020,1,5,34819200,44916768,,,
2020-1-6,2020,1,6,31190400,29318976,,,
2020-1-7,2020,1,7,33091200,29020982.4,,,
2020-1-8,2020,1,8,46656000,53654400,,,
2020-1-9,2020,1,9,37324800,36951552,,,
2020-1-10,2020,1,10,37324800,45163008,,,
2020-1-11,2020,1,11,33091200,34083936,,,
2020-1-12,2020,1,12,31968000,31040928,,,
2020-1-13,2020,1,13,31190400,31814208,,,
2020-1-14,2020,1,14,31708800,31677091.2,,,
2020-1-15,2020,1,15,32832000,31879872,,,
2020-1-16,2020,1,16,31449600,30537561.6,,,
2020-1-17,2020,1,17,30672000,31285440,,,
2020-1-18,2020,1,18,31190400,30566592,,,
2020-1-19,2020,1,19,29376000,23618304,,,
2020-1-20,2020,1,20,29721600,29424384,,,
2020-1-21,2020,1,21,29203200,23274950.4,,,
2020-1-22,2020,1,22,28771200,22470307.2,,,
2020-1-23,2020,1,23,28166400,21631795.2,,,
2020-1-24,2020,1,24,28339200,23068108.8,,,
2020-1-25,2020,1,25,29376000,22648896,,,
2020-1-26,2020,1,26,29203200,32123520,,,
2020-1-27,2020,1,27,31017600,29807913.6,,,
2020-1-28,2020,1,28,32918400,37197792,,,
2020-1-29,2020,1,29,32400000,29451600,,,
2020-1-30,2020,1,30,32054400,28528416,,,
2020-1-31,2020,1,31,31708800,30408739.2,,,
2020-2-1,2020,2,1,30672000,32205600,,,
2020-2-2,2020,2,2,29462400,29167776,,,
2020-2-3,2020,2,3,28857600,27385862.4,,,
2020-2-4,2020,2,4,29462400,25190352,,,
2020-2-5,2020,2,5,28080000,24850800,,,
2020-2-6,2020,2,6,28512000,24976512,,,
2020-2-7,2020,2,7,28512000,26858304,,,
2020-2-8,2020,2,8,30412800,34670592,,,
2020-2-9,2020,2,9,34819200,52228800,,,
2020-2-10,2020,2,10,34819200,48746880,,,
2020-2-11,2020,2,11,33264000,42245280,,,
2020-2-12,2020,2,12,29894400,37965888,,,
2020-2-13,2020,2,13,28425600,26464233.6,,,
2020-2-14,2020,2,14,29916000,29390623.2,,,
2020-2-15,2020,2,15,31406400,32317012.8,,,
2020-2-16,2020,2,16,32896800,35243402.4,,,
2020-2-17,2020,2,17,34387200,38169792,,,
2020-2-18,2020,2,18,36460800,41419008,,,
2020-2-19,2020,2,19,38534400,44668224,,,
2020-2-20,2020,2,20,40608000,47917440,,,
2020-2-21,2020,2,21,39951360,65207808,,,
2020-2-22,2020,2,22,39294720,82498176,,,
2020-2-23,2020,2,23,38638080,99788544,,,
2020-2-24,2020,2,24,37981440,117078912,,,
2020-2-25,2020,2,25,37324800,134369280,,,
2020-2-26,2020,2,26,41860800,159908256,,,
2020-2-27,2020,2,27,45187200,125168544,,,
2020-2-28,2020,2,28,48330000,131996952,,,
2020-2-29,2020,2,29,51472800,138825360,,,
2020-3-1,2020,3,1,54615600,145653768,,,
2020-3-2,2020,3,2,57758400,152482176,,,
2020-3-3,2020,3,3,55512000,170976960,,,
2020-3-4,2020,3,4,57024000,185898240,,,
2020-3-5,2020,3,5,59184000,217994400,,,
2020-3-6,2020,3,6,61344000,223905600,,,
2020-3-7,2020,3,7,60134400,214776576,,,
2020-3-8,2020,3,8,58924800,205647552,,,
2020-3-9,2020,3,9,59745600,237281184,,,
2020-3-10,2020,3,10,60566400,268914816,,,
2020-3-11,2020,3,11,55900800,196211808,,,
2020-3-12,2020,3,12,55900800,171056448,,,
2020-3-13,2020,3,13,55900800,145901088,,,
2020-3-14,2020,3,14,55512000,141082128,,,
2020-3-15,2020,3,15,55123200,136263168,,,
2020-3-16,2020,3,16,54734400,131444208,,,
2020-3-17,2020,3,17,54345600,126625248,,,
2020-3-18,2020,3,18,53020800,122698944,,,
2020-3-19,2020,3,19,51696000,118772640,,,
2020-3-20,2020,3,20,50371200,114846336,,,
2020-3-21,2020,3,21,56160000,170873928,,,
2020-3-22,2020,3,22,61948800,226901520,,,
2020-3-23,2020,3,23,67737600,282929112,,,
2020-3-24,2020,3,24,73526400,338956704,,,
2020-3-25,2020,3,25,80697600,358297344,,,
2020-3-26,2020,3,26,81129600,360623232,,,
2020-3-27,2020,3,27,81561600,362949120,,,
2020-3-28,2020,3,28,92448000,447448320,,,
2020-3-29,2020,3,29,91296000,430896960,,,
2020-3-30,2020,3,30,90144000,414345600,,,
2020-3-31,2020,3,31,88992000,397794240,,,
2020-4-1,2020,4,1,87523200,391228704,,,
2020-4-2,2020,4,2,86054400,384663168,,,
2020-4-3,2020,4,3,84585600,378097632,,,
2020-4-4,2020,4,4,82641600,373039344,,,
2020-4-5,2020,4,5,80697600,367981056,,,
2020-4-6,2020,4,6,75600000,309484800,,,
2020-4-7,2020,4,7,70502400,250988544,,,
2020-4-8,2020,4,8,72028800,242657568,,,
2020-4-9,2020,4,9,73555200,234326592,,,
2020-4-10,2020,4,10,75081600,225995616,,,
2020-4-11,2020,4,11,94176000,456753600,,,
2020-4-12,2020,4,12,106272000,771534720,,,
2020-4-13,2020,4,13,110592000,912384000,,,
2020-4-14,2020,4,14,112320000,963705600,,,
2020-4-15,2020,4,15,115776000,1047772800,,,
2020-4-16,2020,4,16,110160000,938403360,,,
2020-4-17,2020,4,17,104544000,829033920,,,
2020-4-18,2020,4,18,109152000,903058560,,,
2020-4-19,2020,4,19,113760000,977083200,,,
2020-4-20,2020,4,20,118368000,1051107840,,,
2020-4-21,2020,4,21,120528000,1004650560,,,
2020-4-22,2020,4,22,122688000,958193280,,,
2020-4-23,2020,4,23,133488000,1323181440,,,
2020-4-24,2020,4,24,144288000,1688169600,,,
2020-4-25,2020,4,25,141696000,1615334400,,,
2020-4-26,2020,4,26,142992000,1615680000,,,
2020-4-27,2020,4,27,144288000,1616025600,,,
2020-4-28,2020,4,28,135072000,1304020800,,,
2020-4-29,2020,4,29,125856000,992016000,,,
2020-4-30,2020,4,30,116640000,680011200,,,
2020-5-1,2020,5,1,109728000,601309440,,,
2020-5-2,2020,5,2,108864000,633834720,,,
2020-5-3,2020,5,3,108000000,666360000,,,
2020-5-4,2020,5,4,106704000,671012640,,,
2020-5-5,2020,5,5,105408000,675665280,,,
2020-5-6,2020,5,6,108864000,714147840,,,
2020-5-7,2020,5,7,111744000,747141120,,,
2020-5-8,2020,5,8,114624000,780134400,,,
2020-5-9,2020,5,9,117504000,813127680,,,
2020-5-10,2020,5,10,114912000,629717760,,,
2020-5-11,2020,5,11,112608000,595491840,,,
2020-5-12,2020,5,12,110304000,561265920,,,
2020-5-13,2020,5,13,108000000,527040000,,,
2020-5-14,2020,5,14,96768000,349332480,,,
2020-5-15,2020,5,15,97344000,370782720,,,
2020-5-16,2020,5,16,97920000,392232960,,,
2020-5-17,2020,5,17,98496000,413683200,,,
2020-5-18,2020,5,18,98784000,433771200,,,
2020-5-19,2020,5,19,99072000,453859200,,,
2020-5-20,2020,5,20,99360000,473947200,,,
2020-5-21,2020,5,21,98784000,479010240,,,
2020-5-22,2020,5,22,98208000,484073280,,,
2020-5-23,2020,5,23,97632000,489136320,,,
2020-5-24,2020,5,24,91699200,416835072,,,
2020-5-25,2020,5,25,85766400,344533824,,,
2020-5-26,2020,5,26,79833600,272232576,,,
2020-5-27,2020,5,27,79833600,237105792,,,
2020-5-28,2020,5,28,79833600,256265856,,,
2020-5-29,2020,5,29,79833600,275425920,,,
2020-5-30,2020,5,30,79012800,283150080,,,
2020-5-31,2020,5,31,78192000,290874240,,,
2020-6-1,2020,6,1,86313600,268435296,,,
2020-6-2,2020,6,2,84585600,296895456,,,
2020-6-3,2020,6,3,85449600,317872512,,,
2020-6-4,2020,6,4,82425600,247276800,,,
2020-6-5,2020,6,5,83289600,244871424,,,
2020-6-6,2020,6,6,73526400,201462336,,,
2020-6-7,2020,6,7,71971200,161935200,,,
2020-6-8,2020,6,8,71193600,165881088,,,
2020-6-9,2020,6,9,70329600,176527296,,,
2020-6-10,2020,6,10,72230400,137960064,,,
2020-6-11,2020,6,11,71280000,152539200,,,
2020-6-12,2020,6,12,80380800,222654816,,,
2020-6-13,2020,6,13,79401600,219942432,,,
2020-6-14,2020,6,14,77241600,268028352,,,
2020-6-15,2020,6,15,81734400,310590720,,,
2020-6-16,2020,6,16,102816000,468840960,,,
2020-6-17,2020,6,17,128736000,966807360,,,
2020-6-18,2020,6,18,165888000,1824768000,,,
2020-6-19,2020,6,19,177120000,1675555200,,,
2020-6-20,2020,6,20,153792000,1264170240,,,
2020-6-21,2020,6,21,153792000,1262632320,,,
2020-6-22,2020,6,22,154656000,1232608320,,,
2020-6-23,2020,6,23,158112000,1321816320,,,
2020-6-24,2020,6,24,160704000,1402945920,,,
2020-6-25,2020,6,25,161568000,1184293440,,,
2020-6-26,2020,6,26,203904000,1798433280,,,
2020-6-27,2020,6,27,297216000,3388262400,,,
2020-6-28,2020,6,28,353376000,2796971040,,,
2020-6-29,2020,6,29,374976000,2662329600,,,
2020-6-30,2020,6,30,401760000,2756073600,,,
2020-7-1,2020,7,1,411264000,2200262400,,,
2020-7-2,2020,7,2,393120000,2158228800,,,
2020-7-3,2020,7,3,377568000,2707162560,,,
2020-7-4,2020,7,4,360288000,2096876160,,,
2020-7-5,2020,7,5,352512000,2798945280,,,
2020-7-6,2020,7,6,368064000,2252551680,,,
2020-7-7,2020,7,7,371520000,2749248000,,,
2020-7-8,2020,7,8,331776000,2833367040,,,
2020-7-9,2020,7,9,260928000,3105043200,,,
2020-7-10,2020,7,10,229824000,3838060800,,,
2020-7-11,2020,7,11,224064000,5444755200,,,
2020-7-12,2020,7,12,205344000,4565481600,,,
2020-7-13,2020,7,13,165888000,2687385600,,,
2020-7-14,2020,7,14,150048000,2225712000,,,
2020-7-15,2020,7,15,165024000,2442355200,,,
2020-7-16,2020,7,16,178848000,2199830400,,,
2020-7-17,2020,7,17,161568000,2003443200,,,
2020-7-18,2020,7,18,165888000,1657221120,,,
2020-7-19,2020,7,19,175392000,1946851200,,,
2020-7-20,2020,7,20,172800000,1555200000,,,
2020-7-21,2020,7,21,175392000,1771459200,,,
2020-7-22,2020,7,22,180576000,1643241600,,,
2020-7-23,2020,7,23,200448000,2064614400,,,
2020-7-24,2020,7,24,211968000,2260992000,,,
2020-7-25,2020,7,25,223776000,2394403200,,,
2020-7-26,2020,7,26,259776000,4217030400,,,
2020-7-27,2020,7,27,169862400,4063108608,,,
2020-7-28,2020,7,28,189648000,4442504400,,,
2020-7-29,2020,7,29,210240000,3609120000,,,
2020-7-30,2020,7,30,222912000,4235328000,,,
2020-7-31,2020,7,31,255744000,5089305600,,,
2020-8-1,2020,8,1,230688000,4106246400,,,
2020-8-2,2020,8,2,222048000,3708201600,,,
2020-8-3,2020,8,3,224640000,3773952000,,,
2020-8-4,2020,8,4,210816000,3267648000,,,
2020-8-5,2020,8,5,226368000,4572633600,,,
2020-8-6,2020,8,6,243648000,3459801600,,,
2020-8-7,2020,8,7,248832000,3060633600,,,
2020-8-8,2020,8,8,228528000,2742336000,,,
2020-8-9,2020,8,9,152064000,1566259200,,,
2020-8-10,2020,8,10,175392000,1894233600,,,
2020-8-11,2020,8,11,187488000,2812320000,,,
2020-8-12,2020,8,12,187488000,3993494400,,,
2020-8-13,2020,8,13,192672000,3988310400,,,
2020-8-14,2020,8,14,213840000,5559840000,,,
2020-8-15,2020,8,15,266688000,4720377600,,,
2020-8-16,2020,8,16,289440000,5180976000,,,
2020-8-17,2020,8,17,227232000,2908569600,,,
2020-8-18,2020,8,18,164160000,1515196800,,,
2020-8-19,2020,8,19,152064000,1627084800,,,
2020-8-20,2020,8,20,182304000,1669904640,,,
2020-8-21,2020,8,21,187488000,2662329600,,,
2020-8-22,2020,8,22,254016000,4470681600,,,
2020-8-23,2020,8,23,336096000,6016118400,,,
2020-8-24,2020,8,24,368928000,4832956800,,,
2020-8-25,2020,8,25,372384000,4096224000,,,
2020-8-26,2020,8,26,351648000,3203513280,,,
2020-8-27,2020,8,27,347328000,2868929280,,,
2020-8-28,2020,8,28,345600000,3404160000,,,
2020-8-29,2020,8,29,351648000,3207029760,,,
2020-8-30,2020,8,30,354240000,3825792000,,,
2020-8-31,2020,8,31,348192000,4317580800,,,
2020-9-1,2020,9,1,354240000,4428000000,,,
2020-9-2,2020,9,2,351648000,4606588800,,,
2020-9-3,2020,9,3,343008000,4630608000,,,
2020-9-4,2020,9,4,338688000,3793305600,,,
2020-9-5,2020,9,5,334368000,3644611200,,,
2020-9-6,2020,9,6,330912000,2756496960,,,
2020-9-7,2020,9,7,345600000,2702592000,,,
2020-9-8,2020,9,8,348192000,2493054720,,,
2020-9-9,2020,9,9,328320000,2383603200,,,
2020-9-10,2020,9,10,226368000,1620794880,,,
2020-9-11,2020,9,11,148608000,884217600,,,
2020-9-12,2020,9,12,133920000,707097600,,,
2020-9-13,2020,9,13,140832000,577411200,,,
2020-9-14,2020,9,14,148608000,729665280,,,
2020-9-15,2020,9,15,143424000,669790080,,,
2020-9-16,2020,9,16,141696000,670222080,,,
2020-9-17,2020,9,17,147744000,649334880,,,
2020-9-18,2020,9,18,145152000,944939520,,,
2020-9-19,2020,9,19,142560000,670032000,,,
2020-9-20,2020,9,20,145152000,753338880,,,
2020-9-21,2020,9,21,150336000,712592640,,,
2020-9-22,2020,9,22,145152000,619799040,,,
2020-9-23,2020,9,23,147744000,623479680,,,
2020-9-24,2020,9,24,135648000,571078080,,,
2020-9-25,2020,9,25,136512000,514650240,,,
2020-9-26,2020,9,26,133920000,586569600,,,
2020-9-27,2020,9,27,136512000,614304000,,,
2020-9-28,2020,9,28,136512000,610208640,,,
2020-9-29,2020,9,29,134784000,553962240,,,
2020-9-30,2020,9,30,131328000,685532160,,,
2020-10-1,2020,10,1,132192000,553884480,,,
2020-10-2,2020,10,2,128736000,540691200,,,
2020-10-3,2020,10,3,126144000,467994240,,,
2020-10-4,2020,10,4,161568000,1213375680,,,
2020-10-5,2020,10,5,209952000,2120515200,,,
2020-10-6,2020,10,6,216000000,1550880000,,,
2020-10-7,2020,10,7,209088000,1143711360,,,
2020-10-8,2020,10,8,210816000,1214300160,,,
2020-10-9,2020,10,9,203904000,1317219840,,,
2020-10-10,2020,10,10,203904000,1358000640,,,
2020-10-11,2020,10,11,204768000,1285943040,,,
2020-10-12,2020,10,12,212544000,1202999040,,,
2020-10-13,2020,10,13,162432000,800789760,,,
2020-10-14,2020,10,14,138240000,593049600,,,
2020-10-15,2020,10,15,127872000,677721600,,,
2020-10-16,2020,10,16,122688000,493205760,,,
2020-10-17,2020,10,17,125712000,546847200,,,
2020-10-18,2020,10,18,114912000,437814720,,,
2020-10-19,2020,10,19,108864000,410417280,,,
2020-10-20,2020,10,20,98496000,273818880,,,
2020-10-21,2020,10,21,95904000,304974720,,,
2020-10-22,2020,10,22,90720000,263995200,,,
2020-10-23,2020,10,23,85104000,279992160,,,
2020-10-24,2020,10,24,76204800,176795136,,,
2020-10-25,2020,10,25,77932800,178466112,,,
2020-10-26,2020,10,26,75600000,146664000,,,
2020-10-27,2020,10,27,74390400,168618240,,,
2020-10-28,2020,10,28,71884800,154552320,,,
2020-10-29,2020,10,29,77932800,323421120,,,
2020-10-30,2020,10,30,68947200,196499520,,,
2020-10-31,2020,10,31,71193600,244905984,,,
2020-11-1,2020,11,1,69638400,197773056,,,
2020-11-2,2020,11,2,70416000,227443680,,,
2020-11-3,2020,11,3,68947200,170299584,,,
2020-11-4,2020,11,4,71193600,177272064,,,
2020-11-5,2020,11,5,68803200,155954592,,,
2020-11-6,2020,11,6,66412800,134637120,,,
2020-11-7,2020,11,7,64022400,113319648,,,
2020-11-8,2020,11,8,63734400,109020384,,,
2020-11-9,2020,11,9,63446400,104721120,,,
2020-11-10,2020,11,10,63158400,100421856,,,
2020-11-11,2020,11,11,60595200,93572928,,,
2020-11-12,2020,11,12,58032000,86724000,,,
2020-11-13,2020,11,13,55468800,79875072,,,
2020-11-14,2020,11,14,55612800,78032736,,,
2020-11-15,2020,11,15,55756800,76190400,,,
2020-11-16,2020,11,16,55900800,74348064,,,
2020-11-17,2020,11,17,56289600,83770848,,,
2020-11-18,2020,11,18,56678400,93193632,,,
2020-11-19,2020,11,19,57067200,102616416,,,
2020-11-20,2020,11,20,57456000,112039200,,,
2020-11-21,2020,11,21,83520000,334232640,,,
2020-11-22,2020,11,22,109584000,556426080,,,
2020-11-23,2020,11,23,135648000,778619520,,,
2020-11-24,2020,11,24,112406400,599223312,,,
2020-11-25,2020,11,25,89164800,419827104,,,
2020-11-26,2020,11,26,65923200,240430896,,,
2020-11-27,2020,11,27,42681600,61034688,,,
2020-11-28,2020,11,28,61862400,197373312,,,
2020-11-29,2020,11,29,81043200,333711936,,,
2020-11-30,2020,11,30,100224000,470050560,,,
2020-12-1,2020,12,1,86659200,345397824,,,
2020-12-2,2020,12,2,73094400,220745088,,,
2020-12-3,2020,12,3,58147200,134888544,,,
2020-12-4,2020,12,4,43200000,49032000,,,
2020-12-5,2020,12,5,42876000,47459520,,,
2020-12-6,2020,12,6,42552000,45887040,,,
2020-12-7,2020,12,7,42228000,44314560,,,
2020-12-8,2020,12,8,41904000,42742080,,,
2020-12-9,2020,12,9,44236800,42047942.4,,,
2020-12-10,2020,12,10,46569600,41353804.8,,,
2020-12-11,2020,12,11,42197760,36542499.84,,,
2020-12-12,2020,12,12,37825920,31731194.88,,,
2020-12-13,2020,12,13,33454080,26919889.92,,,
2020-12-14,2020,12,14,29082240,22108584.96,,,
2020-12-15,2020,12,15,24710400,17297280,,,
2020-12-16,2020,12,16,39484800,37134720,,,
2020-12-17,2020,12,17,54259200,56972160,,,
2020-12-18,2020,12,18,50083200,50097398.4,,,
2020-12-19,2020,12,19,45907200,43222636.8,,,
2020-12-20,2020,12,20,41731200,36347875.2,,,
2020-12-21,2020,12,21,43027200,40514450.4,,,
2020-12-22,2020,12,22,44323200,44681025.6,,,
2020-12-23,2020,12,23,45619200,48847600.8,,,
2020-12-24,2020,12,24,46915200,53014176,,,
2020-12-25,2020,12,25,41126400,49351680,,,
2020-12-26,2020,12,26,45964800,47511878.4,,,
2020-12-27,2020,12,27,50803200,45672076.8,,,
2020-12-28,2020,12,28,40089600,30027110.4,,,
2020-12-29,2020,12,29,43113600,48287232,,,
2020-12-30,2020,12,30,51213600,75894732,,,
2020-12-31,2020,12,31,59313600,103502232,,,
2021-1-1,2021,1,1,45014400,48334212,,,
2021-1-2,2021,1,2,49032000,61832322,,,
2021-1-3,2021,1,3,53049600,75330432,,,
2021-1-4,2021,1,4,49040640,73532275.2,,,
2021-1-5,2021,1,5,45031680,71734118.4,,,
2021-1-6,2021,1,6,41022720,69935961.6,,,
2021-1-7,2021,1,7,37013760,68137804.8,,,
2021-1-8,2021,1,8,33004800,66339648,,,
2021-1-9,2021,1,9,34084800,72730224,,,
2021-1-10,2021,1,10,35164800,79120800,,,
2021-1-11,2021,1,11,35575200,71854776,,,
2021-1-12,2021,1,12,35985600,64588752,,,
2021-1-13,2021,1,13,36396000,57322728,,,
2021-1-14,2021,1,14,36806400,50056704,,,
2021-1-15,2021,1,15,34992000,45077472,,,
2021-1-16,2021,1,16,33177600,40098240,,,
2021-1-17,2021,1,17,31363200,35119008,,,
2021-1-18,2021,1,18,29548800,30139776,,,
2021-1-19,2021,1,19,29246400,26589600,,,
2021-1-20,2021,1,20,28944000,23039424,,,
2021-1-21,2021,1,21,28490400,21579609.6,,,
2021-1-22,2021,1,22,28036800,20119795.2,,,
2021-1-23,2021,1,23,27583200,18659980.8,,,
2021-1-24,2021,1,24,27129600,17200166.4,,,
2021-1-25,2021,1,25,26071200,16758100.8,,,
2021-1-26,2021,1,26,25012800,16316035.2,,,
2021-1-27,2021,1,27,23954400,15873969.6,,,
2021-1-28,2021,1,28,22896000,15431904,,,
2021-1-29,2021,1,29,22406400,12316377.6,,,
2021-1-30,2021,1,30,21916800,9200851.2,,,
2021-1-31,2021,1,31,21427200,6085324.8,,,
2021-2-1,2021,2,1,21150720,6143109.12,,,
2021-2-2,2021,2,2,20874240,6200893.44,,,
2021-2-3,2021,2,3,20597760,6258677.76,,,
2021-2-4,2021,2,4,20321280,6316462.08,,,
2021-2-5,2021,2,5,20044800,6374246.4,,,
2021-2-6,2021,2,6,21651840,6918981.12,,,
2021-2-7,2021,2,7,23258880,7463715.84,,,
2021-2-8,2021,2,8,24865920,8008450.56,,,
2021-2-9,2021,2,9,26472960,8553185.28,,,
2021-2-10,2021,2,10,28080000,9097920,,,
2021-2-11,2021,2,11,28598400,13155091.2,,,
2021-2-12,2021,2,12,29116800,17212262.4,,,
2021-2-13,2021,2,13,29635200,21269433.6,,,
2021-2-14,2021,2,14,30153600,25326604.8,,,
2021-2-15,2021,2,15,30672000,29383776,,,
2021-2-16,2021,2,16,36720000,54815788.8,,,
2021-2-17,2021,2,17,42768000,80247801.6,,,
2021-2-18,2021,2,18,48816000,105679814.4,,,
2021-2-19,2021,2,19,54864000,131111827.2,,,
2021-2-20,2021,2,20,60912000,156543840,,,
2021-2-21,2021,2,21,56030400,109216944,,,
2021-2-22,2021,2,22,51148800,61890048,,,
2021-2-23,2021,2,23,54799200,89155296,,,
2021-2-24,2021,2,24,58449600,116420544,,,
2021-2-25,2021,2,25,62100000,143685792,,,
2021-2-26,2021,2,26,65750400,170951040,,,
2021-2-27,2021,2,27,67521600,215053056,,,
2021-2-28,2021,2,28,69292800,259155072,,,
2021-3-1,2021,3,1,71251200,271240128,,,
2021-3-2,2021,3,2,73209600,283325184,,,
2021-3-3,2021,3,3,75168000,295410240,,,
2021-3-4,2021,3,4,77731200,290569248,,,
2021-3-5,2021,3,5,80294400,285728256,,,
2021-3-6,2021,3,6,82857600,280887264,,,
2021-3-7,2021,3,7,82252800,272603016,,,
2021-3-8,2021,3,8,81648000,264318768,,,
2021-3-9,2021,3,9,81043200,256034520,,,
2021-3-10,2021,3,10,80438400,247750272,,,
2021-3-11,2021,3,11,86457600,327685248,,,
2021-3-12,2021,3,12,92476800,407620224,,,
2021-3-13,2021,3,13,98496000,487555200,,,
2021-3-14,2021,3,14,113616000,740054880,,,
2021-3-15,2021,3,15,128736000,992554560,,,
2021-3-16,2021,3,16,125280000,969667200,,,
2021-3-17,2021,3,17,131328000,1087234560,,,
2021-3-18,2021,3,18,137376000,1204801920,,,
2021-3-19,2021,3,19,143424000,1322369280,,,
2021-3-20,2021,3,20,97632000,446178240,,,
2021-3-21,2021,3,21,92476800,355790304,,,
2021-3-22,2021,3,22,87321600,265402368,,,
2021-3-23,2021,3,23,82166400,175014432,,,
2021-3-24,2021,3,24,80568000,190562544,,,
2021-3-25,2021,3,25,78969600,206110656,,,
2021-3-26,2021,3,26,77184000,185500800,,,
2021-3-27,2021,3,27,75398400,164890944,,,
2021-3-28,2021,3,28,73612800,144281088,,,
2021-3-29,2021,3,29,74217600,159043392,,,
2021-3-30,2021,3,30,74822400,173805696,,,
2021-3-31,2021,3,31,75427200,188568000,,,
2021-4-1,2021,4,1,76140000,191915568,,,
2021-4-2,2021,4,2,76852800,195263136,,,
2021-4-3,2021,4,3,77565600,198610704,,,
2021-4-4,2021,4,4,78278400,201958272,,,
2021-4-5,2021,4,5,77976000,228752208,,,
2021-4-6,2021,4,6,77673600,255546144,,,
2021-4-7,2021,4,7,76485600,230308056,,,
2021-4-8,2021,4,8,75297600,205069968,,,
2021-4-9,2021,4,9,74109600,179831880,,,
2021-4-10,2021,4,10,72921600,154593792,,,
2021-4-11,2021,4,11,72403200,165716064,,,
2021-4-12,2021,4,12,71884800,176838336,,,
2021-4-13,2021,4,13,71366400,187960608,,,
2021-4-14,2021,4,14,70848000,199082880,,,
2021-4-15,2021,4,15,70113600,172042704,,,
2021-4-16,2021,4,16,69379200,145002528,,,
2021-4-17,2021,4,17,69206400,145156536,,,
2021-4-18,2021,4,18,69033600,145310544,,,
2021-4-19,2021,4,19,68860800,145464552,,,
2021-4-20,2021,4,20,68688000,145618560,,,
2021-4-21,2021,4,21,74196000,169542720,,,
2021-4-22,2021,4,22,79704000,193466880,,,
2021-4-23,2021,4,23,85212000,217391040,,,
2021-4-24,2021,4,24,90720000,241315200,,,
2021-4-25,2021,4,25,98064000,315193680,,,
2021-4-26,2021,4,26,105408000,389072160,,,
2021-4-27,2021,4,27,112752000,462950640,,,
2021-4-28,2021,4,28,120096000,536829120,,,
2021-4-29,2021,4,29,124848000,598894560,,,
2021-4-30,2021,4,30,129600000,660960000,,,
2021-5-1,2021,5,1,123984000,612195840,,,
2021-5-2,2021,5,2,118368000,563431680,,,
2021-5-3,2021,5,3,123984000,699675840,,,
2021-5-4,2021,5,4,129600000,835920000,,,
2021-5-5,2021,5,5,129168000,796443840,,,
2021-5-6,2021,5,6,128736000,756967680,,,
2021-5-7,2021,5,7,131328000,697213440,,,
2021-5-8,2021,5,8,133920000,637459200,,,
2021-5-9,2021,5,9,130032000,588677760,,,
2021-5-10,2021,5,10,126144000,539896320,,,
2021-5-11,2021,5,11,129600000,551361600,,,
2021-5-12,2021,5,12,133056000,562826880,,,
2021-5-13,2021,5,13,132192000,558515520,,,
2021-5-14,2021,5,14,131328000,554204160,,,
2021-5-15,2021,5,15,133056000,593349120,,,
2021-5-16,2021,5,16,134784000,632494080,,,
2021-5-17,2021,5,17,136512000,671639040,,,
2021-5-18,2021,5,18,135648000,679440960,,,
2021-5-19,2021,5,19,134784000,687242880,,,
2021-5-20,2021,5,20,133920000,695044800,,,
2021-5-21,2021,5,21,135216000,592561440,,,
2021-5-22,2021,5,22,136512000,490078080,,,
2021-5-23,2021,5,23,138240000,528474240,,,
2021-5-24,2021,5,24,139968000,566870400,,,
2021-5-25,2021,5,25,139536000,615893760,,,
2021-5-26,2021,5,26,139104000,664917120,,,
2021-5-27,2021,5,27,136080000,577281600,,,
2021-5-28,2021,5,28,133056000,489646080,,,
2021-5-29,2021,5,29,133632000,480084480,,,
2021-5-30,2021,5,30,134208000,470522880,,,
2021-5-31,2021,5,31,134784000,460961280,,,
2021-6-1,2021,6,1,132192000,434911680,,,
2021-6-2,2021,6,2,128736000,395219520,,,
2021-6-3,2021,6,3,137376000,512412480,,,
2021-6-4,2021,6,4,127872000,571587840,,,
2021-6-5,2021,6,5,139104000,521640000,,,
2021-6-6,2021,6,6,137376000,417623040,,,
2021-6-7,2021,6,7,127872000,430928640,,,
2021-6-8,2021,6,8,120960000,366508800,,,
2021-6-9,2021,6,9,119232000,405388800,,,
2021-6-10,2021,6,10,116640000,365083200,,,
2021-6-11,2021,6,11,118368000,381144960,,,
2021-6-12,2021,6,12,124416000,347120640,,,
2021-6-13,2021,6,13,133056000,525571200,,,
2021-6-14,2021,6,14,149472000,590414400,,,
2021-6-15,2021,6,15,165024000,797065920,,,
2021-6-16,2021,6,16,169344000,811157760,,,
2021-6-17,2021,6,17,176256000,736750080,,,
2021-6-18,2021,6,18,181440000,947116800,,,
2021-6-19,2021,6,19,190080000,821145600,,,
2021-6-20,2021,6,20,193536000,936714240,,,
2021-6-21,2021,6,21,196992000,955411200,,,
2021-6-22,2021,6,22,213408000,1094783040,,,
2021-6-23,2021,6,23,254880000,1190289600,,,
2021-6-24,2021,6,24,300672000,1467279360,,,
2021-6-25,2021,6,25,330048000,1739352960,,,
2021-6-26,2021,6,26,352512000,1840112640,,,
2021-6-27,2021,6,27,353808000,1845108720,,,
2021-6-28,2021,6,28,357696000,1892211840,,,
2021-6-29,2021,6,29,363744000,2113352640,,,
2021-6-30,2021,6,30,364608000,1921484160,,,
2021-7-1,2021,7,1,358560000,1574078400,,,
2021-7-2,2021,7,2,353376000,1675002240,,,
2021-7-3,2021,7,3,349056000,1581223680,,,
2021-7-4,2021,7,4,344736000,1627153920,,,
2021-7-5,2021,7,5,301536000,1209159360,,,
2021-7-6,2021,7,6,228960000,1046347200,,,
2021-7-7,2021,7,7,224467200,2683729843,,,
2021-7-8,2021,7,8,196452000,8859985200,,,
2021-7-9,2021,7,9,162648000,3801897000,,,
2021-7-10,2021,7,10,88992000,586457280,,,
2021-7-11,2021,7,11,65750400,274836672,,,
2021-7-12,2021,7,12,63417600,260012160,,,
2021-7-13,2021,7,13,60566400,211982400,,,
2021-7-14,2021,7,14,58492800,124589664,,,
2021-7-15,2021,7,15,90720000,256737600,,,
2021-7-16,2021,7,16,89856000,326177280,,,
2021-7-17,2021,7,17,82339200,248664384,,,
2021-7-18,2021,7,18,76204800,194322240,,,
2021-7-19,2021,7,19,59097600,95738112,,,
2021-7-20,2021,7,20,55728000,77461920,,,
2021-7-21,2021,7,21,83808000,406468800,,,
2021-7-22,2021,7,22,322560000,4644864000,,,
2021-7-23,2021,7,23,227232000,3453926400,,,
2021-7-24,2021,7,24,185760000,1175860800,,,
2021-7-25,2021,7,25,184896000,1198126080,,,
2021-7-26,2021,7,26,190080000,737510400,,,
2021-7-27,2021,7,27,178848000,974721600,,,
2021-7-28,2021,7,28,146880000,633052800,,,
2021-7-29,2021,7,29,114048000,411713280,,,
2021-7-30,2021,7,30,88992000,268755840,,,
2021-7-31,2021,7,31,82944000,198236160,,,
2021-8-1,2021,8,1,75254400,179105472,,,
2021-8-2,2021,8,2,70156800,124879104,,,
2021-8-3,2021,8,3,67046400,77773824,,,
2021-8-4,2021,8,4,66528000,67193280,,,
2021-8-5,2021,8,5,64454400,85724352,,,
2021-8-6,2021,8,6,63158400,71368992,,,
2021-8-7,2021,8,7,62121600,72061056,,,
2021-8-8,2021,8,8,63504000,79380000,,,
2021-8-9,2021,8,9,60307200,77193216,,,
2021-8-10,2021,8,10,59529600,74412000,,,
2021-8-11,2021,8,11,59097600,67371264,,,
2021-8-12,2021,8,12,54777600,64089792,,,
2021-8-13,2021,8,13,46396800,50108544,,,
2021-8-14,2021,8,14,45878400,48631104,,,
2021-8-15,2021,8,15,50630400,56199744,,,
2021-8-16,2021,8,16,54777600,67376448,,,
2021-8-17,2021,8,17,48556800,47051539.2,,,
2021-8-18,2021,8,18,44928000,64696320,,,
2021-8-19,2021,8,19,43545600,39408768,,,
2021-8-20,2021,8,20,48124800,53899776,,,
2021-8-21,2021,8,21,43113600,47424960,,,
2021-8-22,2021,8,22,43977600,46616256,,,
2021-8-23,2021,8,23,45619200,49724928,,,
2021-8-24,2021,8,24,48124800,64005984,,,
2021-8-25,2021,8,25,50932800,48437092.8,,,
2021-8-26,2021,8,26,59443200,94514688,,,
2021-8-27,2021,8,27,67046400,124035840,,,
2021-8-28,2021,8,28,53654400,85310496,,,
2021-8-29,2021,8,29,46396800,55212192,,,
2021-8-30,2021,8,30,50544000,75310560,,,
2021-8-31,2021,8,31,65404800,131463648,,,
2021-9-1,2021,9,1,90720000,442713600,,,
2021-9-2,2021,9,2,140832000,923857920,,,
2021-9-3,2021,9,3,165024000,810267840,,,
2021-9-4,2021,9,4,187488000,952439040,,,
2021-9-5,2021,9,5,190080000,1053043200,,,
2021-9-6,2021,9,6,146880000,478828800,,,
2021-9-7,2021,9,7,126144000,437719680,,,
2021-9-8,2021,9,8,102816000,304335360,,,
2021-9-9,2021,9,9,99360000,269265600,,,
2021-9-10,2021,9,10,89856000,172523520,,,
2021-9-11,2021,9,11,78019200,156038400,,,
2021-9-12,2021,9,12,72403200,135393984,,,
2021-9-13,2021,9,13,63331200,86130432,,,
2021-9-14,2021,9,14,56764800,65847168,,,
2021-9-15,2021,9,15,55468800,66007872,,,
2021-9-16,2021,9,16,48211200,56407104,,,
2021-9-17,2021,9,17,44064000,46267200,,,
2021-9-18,2021,9,18,49161600,66859776,,,
2021-9-19,2021,9,19,85968000,147005280,,,
2021-9-20,2021,9,20,147744000,650073600,,,
2021-9-21,2021,9,21,216864000,1370580480,,,
2021-9-22,2021,9,22,314496000,2157442560,,,
2021-9-23,2021,9,23,294624000,2136024000,,,
2021-9-24,2021,9,24,276480000,1222041600,,,
2021-9-25,2021,9,25,230688000,1340297280,,,
2021-9-26,2021,9,26,222048000,961467840,,,
2021-9-27,2021,9,27,220752000,1272635280,,,
2021-9-28,2021,9,28,247104000,1514747520,,,
2021-9-29,2021,9,29,362880000,2554675200,,,
2021-9-30,2021,9,30,416448000,2677760640,,,
2021-10-1,2021,10,1,402624000,2254694400,,,
2021-10-2,2021,10,2,429408000,4465843200,,,
2021-10-3,2021,10,3,424224000,2715033600,,,
2021-10-4,2021,10,4,431136000,2694600000,,,
2021-10-5,2021,10,5,430272000,2534302080,,,
2021-10-6,2021,10,6,425088000,2431503360,,,
2021-10-7,2021,10,7,422496000,2818048320,,,
2021-10-8,2021,10,8,418176000,2496510720,,,
2021-10-9,2021,10,9,418176000,2199605760,,,
2021-10-10,2021,10,10,417312000,2295216000,,,
2021-10-11,2021,10,11,418176000,2609418240,,,
2021-10-12,2021,10,12,418176000,3454133760,,,
2021-10-13,2021,10,13,416448000,4247769600,,,
2021-10-14,2021,10,14,416448000,4372704000,,,
2021-10-15,2021,10,15,414720000,3997900800,,,
2021-10-16,2021,10,16,414720000,2550528000,,,
2021-10-17,2021,10,17,414720000,2480025600,,,
2021-10-18,2021,10,18,411264000,2204375040,,,
2021-10-19,2021,10,19,412992000,2325144960,,,
2021-10-20,2021,10,20,413856000,2176882560,,,
2021-10-21,2021,10,21,413856000,2238960960,,,
2021-10-22,2021,10,22,392256000,2086801920,,,
2021-10-23,2021,10,23,286848000,1548979200,,,
2021-10-24,2021,10,24,215136000,800305920,,,
2021-10-25,2021,10,25,176256000,867179520,,,
2021-10-26,2021,10,26,162432000,552268800,,,
2021-10-27,2021,10,27,157824000,549227520,,,
2021-10-28,2021,10,28,153792000,387555840,,,
2021-10-29,2021,10,29,150336000,369826560,,,
2021-10-30,2021,10,30,156384000,344044800,,,
2021-10-31,2021,10,31,189216000,949864320,,,
2021-11-1,2021,11,1,205632000,894499200,,,
2021-11-2,2021,11,2,186336000,756388800,,,
2021-11-3,2021,11,3,167040000,618278400,,,
2021-11-4,2021,11,4,147744000,480168000,,,
2021-11-5,2021,11,5,165024000,598199040,,,
2021-11-6,2021,11,6,182304000,716230080,,,
2021-11-7,2021,11,7,199584000,834261120,,,
2021-11-8,2021,11,8,198144000,836052480,,,
2021-11-9,2021,11,9,196704000,837843840,,,
2021-11-10,2021,11,10,195264000,839635200,,,
2021-11-11,2021,11,11,190944000,794321280,,,
2021-11-12,2021,11,12,186624000,749007360,,,
2021-11-13,2021,11,13,182304000,703693440,,,
2021-11-14,2021,11,14,171072000,650926080,,,
2021-11-15,2021,11,15,159840000,598158720,,,
2021-11-16,2021,11,16,148608000,545391360,,,
2021-11-17,2021,11,17,145296000,494408160,,,
2021-11-18,2021,11,18,141984000,443424960,,,
2021-11-19,2021,11,19,138672000,392441760,,,
2021-11-20,2021,11,20,126144000,325451520,,,
2021-11-21,2021,11,21,124416000,342156960,,,
2021-11-22,2021,11,22,122688000,358862400,,,
2021-11-23,2021,11,23,120960000,375567840,,,
2021-11-24,2021,11,24,119232000,392273280,,,
2021-11-25,2021,11,25,119808000,386910720,,,
2021-11-26,2021,11,26,120384000,381548160,,,
2021-11-27,2021,11,27,120960000,376185600,,,
2021-11-28,2021,11,28,119232000,350357760,,,
2021-11-29,2021,11,29,117504000,324529920,,,
2021-11-30,2021,11,30,115776000,298702080,,,
2021-12-1,2021,12,1,115776000,384376320,,,
2021-12-2,2021,12,2,113472000,396017280,,,
2021-12-3,2021,12,3,103699200,307210368,,,
2021-12-4,2021,12,4,93926400,218403456,,,
2021-12-5,2021,12,5,84153600,129596544,,,
2021-12-6,2021,12,6,81021600,120654792,,,
2021-12-7,2021,12,7,77889600,111713040,,,
2021-12-8,2021,12,8,74757600,102771288,,,
2021-12-9,2021,12,9,71625600,93829536,,,
2021-12-10,2021,12,10,70761600,104019552,,,
2021-12-11,2021,12,11,71820000,106512840,,,
2021-12-12,2021,12,12,72878400,109006128,,,
2021-12-13,2021,12,13,73936800,111499416,,,
2021-12-14,2021,12,14,74995200,113992704,,,
2021-12-15,2021,12,15,78926400,137431728,,,
2021-12-16,2021,12,16,82857600,160870752,,,
2021-12-17,2021,12,17,86788800,184309776,,,
2021-12-18,2021,12,18,90720000,207748800,,,
2021-12-19,2021,12,19,90288000,222933600,,,
2021-12-20,2021,12,20,89856000,238118400,,,
2021-12-21,2021,12,21,91756800,226463040,,,
2021-12-22,2021,12,22,93657600,214807680,,,
2021-12-23,2021,12,23,95558400,203152320,,,
2021-12-24,2021,12,24,97459200,191496960,,,
2021-12-25,2021,12,25,99360000,179841600,,,
2021-12-26,2021,12,26,98841600,204256512,,,
2021-12-27,2021,12,27,98323200,228671424,,,
2021-12-28,2021,12,28,97804800,253086336,,,
2021-12-29,2021,12,29,97286400,277501248,,,
2021-12-30,2021,12,30,96768000,301916160,,,
2021-12-31,2021,12,31,95904000,229210560,,,
